mtu,baseline,unopt,R,RU,RUS,RUSB,sigRUS
100,0.543460,0.025371,0.054937,0.054999,0.057872,0.086524,0
110,0.647903,0.039649,0.056718,0.058478,0.069319,0.104395,0
120,0.711830,0.025371,0.066258,0.065274,0.072674,0.114776,0.033863
130,0.763388,0.025371,0.069508,0.077171,0.089070,0.128857,0.0338629
140,0.885760,0.025371,0.076218,0.080485,0.088158,0.139181,0.0338627
150,0.903975,0.025371,0.088150,0.081428,0.099208,0.174771,0.0338636
160,1.059735,0.025371,0.091608,0.093316,0.103528,0.172909,0.0338635
170,1.277631,0.025371,0.092845,0.101799,0.114620,0.190594,0.0338632
180,1.377833,0.025371,0.100079,0.105992,0.116266,0.203999,0.0338631
190,1.584076,0.025371,0.105320,0.106914,0.133377,0.202999,0.0347013
200,1.618317,0.025371,0.117209,0.124832,0.131635,0.233272,0.0338631
210,1.748750,0.025371,0.115383,0.126518,0.148735,0.240562,0.0340729
220,1.902418,0.025371,0.127316,0.129067,0.158157,0.269192,0.0340731
230,2.199311,0.025371,0.118783,0.145253,0.161652,0.268088,0.034073
240,2.523914,0.025371,0.137696,0.145705,0.177932,0.290704,0.0340723
250,2.758822,0.025371,0.149520,0.153009,0.197222,0.296391,0.0340733
260,2.934106,0.025371,0.156252,0.164040,0.186968,0.329792,0.0340733
270,3.076078,0.025371,0.171704,0.181980,0.174526,0.290840,0.0340729
280,3.213021,0.025371,0.170049,0.172616,0.213984,0.338005,0.0340731
290,3.330921,0.025371,0.187237,0.181204,0.222088,0.370667,0.034072
300,3.481066,0.025371,0.183384,0.193300,0.229448,0.340448,0.0340731
310,3.608115,0.025371,0.203553,0.190931,0.241611,0.363273,0.0340731
320,3.744764,0.028726,0.177031,0.201512,0.251841,0.415529,0.0340731
330,3.877282,0.033758,0.213094,0.207538,0.236756,0.428241,0.0340728
340,4.004057,0.033758,0.205950,0.224815,0.249925,0.422799,0.0340726
350,4.138341,0.033758,0.220617,0.215390,0.259525,0.463809,0.0340729
360,4.268272,0.033758,0.221733,0.217729,0.260376,0.474929,0.0340729
370,4.399730,0.033758,0.209783,0.232374,0.291405,0.463859,0.034073
380,4.506367,0.033758,0.245861,0.218989,0.291052,0.502977,0.034073
390,4.641887,0.033758,0.249490,0.259349,0.261157,0.513394,0.0340723
400,4.783787,0.033758,0.245425,0.242755,0.307216,0.509525,0.0340731
410,4.909746,0.033758,0.227831,0.243015,0.303549,0.523601,0.034073
420,5.051597,0.033758,0.284844,0.275034,0.316485,0.524362,0.0340732
430,5.191081,0.033758,0.267376,0.286426,0.306997,0.574810,0.0340728
440,5.296063,0.033758,0.258616,0.272550,0.335663,0.564992,0.0340722
450,5.419424,0.033758,0.267524,0.301496,0.301599,0.621458,0.0340729
460,5.563515,0.033758,0.272787,0.291106,0.350854,0.641539,0.0340733
470,5.696713,0.033759,0.292312,0.300309,0.371029,0.585894,0.0340729
480,5.812263,0.033758,0.299838,0.299951,0.374753,0.601056,0.0340729
490,5.922663,0.033758,0.309036,0.314190,0.379953,0.634929,0.0340718
500,6.042692,0.033758,0.326763,0.322534,0.350989,0.629411,0.0340729
510,6.191215,0.033758,0.303067,0.355163,0.376680,0.704968,0.0340727
520,6.304780,0.033863,0.310237,0.337746,0.355929,0.651484,0.034073
530,6.437634,0.033758,0.346700,0.345818,0.403512,0.689118,0.0340731
540,6.539783,0.033758,0.358715,0.334582,0.426160,0.710682,0.0340724
550,6.680923,0.033758,0.331692,0.327348,0.421020,0.723639,0.034073
560,6.873842,0.033758,0.368781,0.373044,0.411552,0.704458,0.0340731
570,6.987343,0.033863,0.388316,0.378641,0.446520,0.753018,0.0972278
580,7.067502,0.037155,0.384469,0.375933,0.450622,0.735018,0.1194956
590,7.442996,0.035540,0.326844,0.393774,0.440179,0.767932,0.1405653
600,7.486722,0.037154,0.372683,0.377209,0.437081,0.759809,0.1406417
610,7.604068,0.042250,0.359386,0.387734,0.443509,0.667494,0.1419834
620,7.686699,0.040552,0.365828,0.404452,0.471978,0.838505,0.1417556
630,7.762176,0.042251,0.411745,0.400465,0.471228,0.758526,0.1451905
640,7.899058,0.042250,0.421544,0.362855,0.416891,0.841789,0.1445277
650,8.234406,0.042250,0.382981,0.400851,0.480240,0.908755,0.1469947
660,8.495533,0.042250,0.413300,0.401329,0.488947,0.924596,0.147907
670,8.675651,0.042250,0.442987,0.425578,0.489521,0.911275,0.149962
680,8.700672,0.042249,0.403712,0.447122,0.547651,0.884891,0.1508644
690,8.699837,0.042250,0.408532,0.449610,0.523838,0.871662,0.1494865
700,8.715179,0.042250,0.418473,0.457723,0.513191,0.895863,0.1530859
710,8.748595,0.042250,0.418387,0.466497,0.539499,0.857127,0.1530131
720,8.762818,0.042251,0.450927,0.471091,0.530100,0.975890,0.1554356
730,8.767021,0.042250,0.432728,0.454156,0.555004,1.000319,0.155213
740,8.770172,0.042250,0.467580,0.458592,0.538613,1.020353,0.1576135
750,8.806578,0.042145,0.464263,0.506852,0.606391,0.947337,0.1597773
760,8.819958,0.042250,0.476640,0.472035,0.538196,1.030474,0.1562735
770,8.806950,0.042250,0.504805,0.508598,0.600466,0.986855,0.1610757
780,8.796078,0.042146,0.514512,0.501150,0.612934,0.988426,0.1628667
790,8.862248,0.219161,0.496287,0.519230,0.619099,0.999380,0.162068
800,8.847475,0.042250,0.503287,0.527918,0.587453,1.221524,0.1627525
810,8.871392,0.042250,0.507709,0.546991,0.631410,1.095988,0.162921
820,8.890825,0.042145,0.540134,0.501327,0.657100,1.037657,0.1677854
830,8.865137,0.042250,0.571471,0.564094,0.587566,1.129909,0.1684542
840,8.860395,0.045563,0.528177,0.522337,0.641206,1.155031,0.1700133
850,8.884972,0.045647,0.531508,0.525740,0.680310,1.162533,0.1943191
860,8.888314,0.045542,0.511066,0.569307,0.699620,1.049865,0.1947413
870,8.876352,0.048960,0.545899,0.575044,0.636970,1.193226,0.1959966
880,8.892830,0.048960,0.610759,0.548510,0.670932,1.105870,0.1980728
890,8.910705,0.050742,0.616729,0.517851,0.696237,1.224033,0.1956585
900,8.935335,0.050742,0.563617,0.566535,0.756832,1.228026,0.1957661
910,8.941764,0.050637,0.539591,0.649197,0.688932,1.090253,0.1976973
920,8.941140,0.050637,0.542979,0.620960,0.654769,1.221047,0.1969007
930,8.956382,0.050637,0.583022,0.577485,0.684126,1.207996,0.1991532
940,8.956798,0.050742,0.597131,0.640912,0.691305,1.152906,0.200501
950,8.967055,0.050742,0.598956,0.628181,0.697959,1.253981,0.2040068
960,8.966446,0.050742,0.568484,0.595577,0.707195,1.258488,0.1985564
970,8.988401,0.050637,0.636096,0.603869,0.712594,1.024455,0.2020269
980,8.991558,0.050638,0.582409,0.667557,0.756074,1.301700,0.2055372
990,8.990411,0.050658,0.550340,0.597529,0.749821,1.303676,0.2024622
1000,9.001769,0.050742,0.626736,0.659344,0.685391,1.375845,0.206577
1010,9.020452,0.050742,0.562688,0.705648,0.745492,1.374129,0.2065324
1020,9.035936,0.050742,0.567909,0.678493,0.796032,1.407644,0.209839
1030,9.045143,0.050638,0.719054,0.647987,0.863666,1.305179,0.208492
1040,9.044695,0.050637,0.645411,0.680384,0.734751,1.373090,0.2090141
1050,9.059795,0.050637,0.733757,0.673379,0.801108,1.267024,0.2101944
1060,9.071353,0.050680,0.668618,0.682744,0.781239,1.519650,0.2133582
1070,9.083633,0.050742,0.595901,0.619960,0.869726,1.398755,0.2122178
1080,9.101781,0.050741,0.677614,0.694076,0.762917,1.304885,0.2125333
1090,9.087390,0.050534,0.679052,0.703533,0.865805,1.317341,0.2109724
1100,9.107048,0.052314,0.728123,0.713579,0.961252,1.358827,0.221627
1110,9.129177,0.055670,0.771423,0.690862,0.813380,1.280124,0.2413291
1120,9.134404,0.050637,0.702943,0.717030,0.903706,1.365862,0.2455855
1130,9.138369,0.050742,0.745235,0.722518,0.947904,1.494338,0.2455864
1140,9.163175,0.052419,0.722384,0.646940,0.834143,1.703115,0.243848
1150,9.167680,0.057452,0.721078,0.752215,0.816923,1.447601,0.2385079
1160,9.177233,0.052440,0.811557,0.768273,0.918064,1.522903,0.244328
1170,9.195855,0.052231,0.762380,0.797200,0.912276,1.478534,0.2442133
1180,9.190643,0.055669,0.702020,0.765864,0.921810,1.642181,0.2494959
1190,9.199817,0.059024,0.787002,0.782881,0.875660,1.632874,0.2465433
1200,9.208906,0.057430,0.748007,0.746058,0.950386,1.585248,0.2507145
1210,9.222531,0.059129,0.845912,0.818089,0.831043,1.528627,0.2479061
1220,9.228670,0.059129,0.735047,0.829372,0.930619,1.613660,0.2457559
1230,9.231403,0.059129,0.730485,0.717234,0.868408,1.557958,0.2461101
1240,9.246600,0.059128,0.776937,0.768424,0.845834,1.692054,0.2521194
1250,9.257251,0.059235,0.732188,0.828807,0.949317,1.419543,0.2516664
1260,9.269852,0.059234,0.789908,0.854695,1.035948,1.743051,0.25066
1270,9.277767,0.059025,0.793269,0.840983,0.921081,1.759142,0.2517182
1280,9.285162,0.059025,0.804932,0.819221,1.073990,1.532114,0.2537525
1290,9.287947,0.059025,0.756133,0.850492,0.981817,1.618691,0.255203
1300,9.305220,0.059024,0.817954,0.861051,1.067875,1.801660,0.2521273
1310,9.308953,0.059129,0.769471,0.868408,1.036852,1.648547,0.2532107
1320,9.314609,0.059129,0.872878,0.832388,0.926230,1.644440,0.2571412
1330,9.327220,0.059129,0.732335,0.929492,1.090587,1.727554,0.2585641
1340,9.333069,0.059234,0.799035,0.889127,1.038406,1.707532,0.2531179
1350,9.344543,0.059234,0.745300,0.869755,0.954399,1.617343,0.2545501
1360,9.348743,0.059234,0.802963,0.785718,0.962896,1.708987,0.2939679
1370,9.360109,0.059234,0.865669,0.869220,1.082404,1.778954,0.2938741
1380,9.367654,0.058920,0.917944,0.911119,0.984722,1.750156,0.290091
1390,9.375499,0.059025,0.976978,0.862605,1.099210,1.655618,0.2856484
1400,9.378999,0.059024,0.933109,0.896637,1.063953,1.900402,0.2817435
1410,9.385774,0.059024,0.986788,0.838982,1.074864,1.855089,0.2906034
1420,9.390147,0.060722,0.881631,0.889177,0.997442,1.924839,0.2878907
1430,9.394144,0.060807,0.896137,0.946902,1.043005,1.962190,0.2900791
1440,9.402376,0.064203,0.903156,0.977149,1.096139,1.968604,0.2915783
1450,9.407231,0.062526,0.843950,1.009203,1.023403,1.879023,0.2902987
1460,9.415805,0.060828,0.919776,0.963492,1.102000,2.077656,0.2880553
1470,9.418323,0.064224,0.978550,0.974739,1.152183,1.919265,0.290374
1480,9.423729,0.062589,0.913143,1.068766,1.165650,1.938772,0.2907536
1490,9.429157,0.067726,0.822681,0.984741,1.127707,1.947921,0.2902034
1500,9.431907,0.067725,0.891720,0.995454,1.231286,1.901177,0.2897463
1510,9.438458,0.065630,0.939272,0.968342,1.064763,2.066547,0.2956991
1520,9.436357,0.067411,0.887572,0.964193,1.075056,1.972663,0.2947337
1530,9.443732,0.067411,0.956024,0.912414,1.077127,2.051531,0.2915467
1540,9.446459,0.067412,0.907428,0.957335,1.134951,1.949476,0.2970544
1550,9.452156,0.067516,0.902996,1.018712,1.173324,1.940517,0.2930351
1560,9.453414,0.067516,0.914828,0.930528,1.184951,2.225841,0.2949012
1570,9.456331,0.067516,0.917023,1.060346,1.097029,2.237347,0.2307307
1580,9.460362,0.067516,0.935646,0.994825,1.261494,2.077395,0.2333723
1590,9.463087,0.067601,1.107085,0.951820,1.296865,1.972909,0.2347282
1600,9.468402,0.067621,1.055182,1.092112,1.217593,2.288718,0.2358352
1610,9.471324,0.067621,0.997452,1.046214,1.119055,1.981293,0.2958576
1620,9.475083,0.067621,0.888339,0.967795,1.232479,1.828293,0.3274745
1630,9.476860,0.067621,0.941617,1.030357,1.130908,1.990820,0.3268513
1640,9.479862,0.067725,1.069353,0.972330,1.327272,2.007154,0.3304751
1650,9.485171,0.067726,1.081764,1.012219,1.286173,2.117595,0.3336515
1660,9.488369,0.067726,0.915426,1.151449,1.265811,2.355049,0.3267003
1670,9.492144,0.067307,1.027968,1.018033,1.073039,2.355111,0.3250443
1680,9.496233,0.067306,1.046558,1.092601,1.255926,1.954037,0.3332116
1690,9.497885,0.067307,0.913181,1.128447,1.320055,2.266976,0.3278006
1700,9.498834,0.067307,1.115832,1.113606,1.283455,2.098536,0.33161
1710,9.503713,0.067412,1.119652,1.010079,1.175390,2.389045,0.325472
1720,9.508282,0.070766,1.122884,1.189050,1.337418,2.082105,0.3282925
1730,9.507640,0.072507,1.070110,1.057438,1.405303,2.100722,0.3315463
1740,9.511644,0.069193,1.074579,1.064344,1.414706,2.149519,0.3325611
1750,9.515148,0.075903,0.949173,1.106290,1.368746,2.354316,0.3300033
1760,9.518612,0.076008,1.025107,1.152718,1.272671,2.234771,0.3294177
1770,9.516870,0.074310,1.097672,1.115285,1.264693,2.327829,0.3269207
1780,9.521504,0.076009,1.161111,1.066626,1.441306,2.191712,0.3296778
1790,9.524186,0.076008,1.177014,1.094012,1.345943,2.134919,0.3288158
1800,9.528824,0.076050,1.195013,1.176654,1.288098,2.389787,0.3321568
1810,9.532244,0.076113,1.118685,1.106335,1.449921,2.412207,0.3309156
1820,9.533871,0.076113,0.931313,1.193347,1.324371,2.345215,0.333682
1830,9.536253,0.074520,1.140675,1.081871,1.325213,2.280915,0.3364415
1840,9.539507,0.076113,1.062819,1.197120,1.324488,2.325639,0.3361237
1850,9.539390,0.076113,1.070729,1.281070,1.275263,2.583640,0.3297613
1860,9.546484,0.076218,1.230794,1.115109,1.363055,2.277900,0.3324796
1870,9.547448,0.075694,1.076374,1.256444,1.293975,2.282161,0.3745484
1880,9.548749,0.075693,1.239441,1.258966,1.525979,2.396634,0.3690367
1890,9.548902,0.075694,1.148690,1.076220,1.580329,2.418101,0.3636896
1900,9.549255,0.075693,1.188643,1.274813,1.437971,2.542449,0.3650071
1910,9.555441,0.075799,1.238942,1.243203,1.369928,2.299900,0.3652383
1920,9.556290,0.075798,1.346164,1.254080,1.325689,2.781702,0.3648931
1930,9.558308,0.075798,1.191606,1.332605,1.384597,2.569580,0.3639602
1940,9.561036,0.075799,1.132847,1.232278,1.400025,2.161499,0.36121
1950,9.564362,0.075903,1.115039,1.187132,1.462746,2.487843,0.3622103
1960,9.567408,0.075903,1.139368,1.269932,1.471294,2.607342,0.3710585
1970,9.568182,0.075903,1.377419,1.239727,1.353954,2.837679,0.3700416
1980,9.568118,0.075903,1.149675,1.246806,1.436734,2.308720,0.363692
1990,9.570088,0.075905,1.222105,1.264213,1.612812,2.514911,0.3590518
2000,9.572429,0.075988,1.291400,1.386428,1.506272,2.636513,0.3695784
2010,9.579368,0.076008,1.242581,1.137308,1.546590,2.426255,0.3644534
2020,9.580917,0.079405,1.324048,1.273721,1.581871,2.684578,0.3665305
2030,9.582051,0.076008,1.179576,1.227905,1.533978,2.429231,0.3664752
2040,9.584113,0.081145,1.251656,1.235944,1.591757,2.310913,0.3673065
2050,9.581087,0.079447,1.260676,1.340742,1.418787,2.578066,0.3658886
2060,9.587352,0.077811,1.127496,1.306499,1.551317,2.856845,0.363285
2070,9.588356,0.082907,1.366602,1.348845,1.612756,2.859440,0.3628499
2080,9.593671,0.084605,1.030611,1.479061,1.426983,2.762384,0.3661526
2090,9.591700,0.082906,1.211072,1.448103,1.562257,2.350193,0.3688317
2100,9.594901,0.084710,1.234867,1.242809,1.536715,2.651043,0.3648152
2110,9.598055,0.084668,1.294559,1.321596,1.696564,2.501273,0.3623126
2120,9.602739,0.084710,1.396205,1.228944,1.780172,2.922514,0.3683015
2130,9.601392,0.083977,1.222248,1.435914,1.590080,2.667505,0.4056126
2140,9.601212,0.083976,1.245414,1.361177,1.661411,2.711415,0.3980399
2150,9.605649,0.083977,1.432180,1.339647,1.667738,2.918557,0.3963585
2160,9.606930,0.084059,1.065350,1.257909,1.617999,2.462323,0.4041102
2170,9.607948,0.084080,1.343636,1.398146,1.559892,2.301470,0.3939382
2180,9.610191,0.084081,1.436108,1.523893,1.577072,3.280590,0.3942832
2190,9.613492,0.084081,1.363153,1.315716,1.698596,2.612268,0.3979489
2200,9.616651,0.085654,1.260796,1.386227,1.770093,2.626578,0.4002792
2210,9.616328,0.085632,1.451067,1.431421,1.654432,2.914850,0.3963527
2220,9.615564,0.086471,1.373107,1.521954,1.611533,3.107026,0.3959362
2230,9.617926,0.087499,1.446869,1.540608,1.735158,2.802503,0.3947924
2240,9.620811,0.085026,1.392231,1.545244,1.675765,2.928790,0.4038961
2250,9.621762,0.089972,1.293979,1.445489,1.742706,2.520166,0.398215
2260,9.626718,0.086765,1.487686,1.430611,1.886246,2.741133,0.3953883
2270,9.628367,0.085674,1.496933,1.370918,1.763065,2.427714,0.3978077
2280,9.627222,0.089323,1.418041,1.471397,1.407300,2.855957,0.40095
2290,9.629661,0.087583,1.492009,1.590973,1.786410,2.850514,0.3996147
2300,9.628138,0.085087,1.258435,1.582166,1.723218,2.664149,0.396445
2310,9.635552,0.091755,1.411047,1.557324,1.794357,3.092438,0.3993622
2320,9.638513,0.092614,1.541124,1.515834,1.660428,2.795611,0.3985054
2330,9.635486,0.089301,1.237419,1.550778,1.520307,2.640629,0.3966596
2340,9.636356,0.092720,1.439329,1.482827,1.959371,3.152920,0.397117
2350,9.641978,0.092027,1.544268,1.521437,1.749507,2.996981,0.3993058
2360,9.642107,0.091189,1.343761,1.417537,1.681547,2.986997,0.4005057
2370,9.644922,0.088673,1.354170,1.367825,1.763970,3.157023,0.3934539
2380,9.644686,0.091167,1.390979,1.448739,1.870573,3.062842,0.421609
2390,9.643038,0.090413,1.561407,1.591631,1.623072,3.167519,0.4428006
2400,9.648970,0.095319,1.268170,1.454616,1.646408,2.711608,0.4403476
2410,9.647238,0.095279,1.489145,1.562496,1.841426,3.077245,0.4398563
2420,9.648715,0.097186,1.593174,1.475339,1.833436,3.047445,0.4348514
2430,9.651228,0.094606,1.393616,1.576358,1.813498,3.701721,0.4349445
2440,9.654415,0.095403,1.405032,1.522150,1.887215,3.414564,0.4338911
2450,9.655549,0.093202,1.603425,1.410099,1.681838,2.930134,0.4345166
2460,9.655974,0.094711,1.334309,1.644664,1.914773,2.806644,0.4342934
2470,9.658087,0.093894,1.307162,1.587057,1.838922,3.584061,0.4339821
2480,9.658670,0.093769,1.419504,1.430928,1.843223,3.095457,0.4351893
2490,9.658926,0.094019,1.509864,1.722515,1.701359,2.957358,0.43104
2500,9.658571,0.094838,1.655720,1.621180,2.019831,3.178487,0.4333714
2510,9.658777,0.094208,1.553134,1.799507,2.107817,3.145527,0.4321053
2520,9.666600,0.097647,1.440474,1.626280,2.021980,2.640671,0.4340952
2530,9.664238,0.097627,1.447569,1.515611,1.949078,2.831918,0.4361762
2540,9.668954,0.096787,1.568968,1.660265,1.899295,3.346216,0.4330794
2550,9.667378,0.100352,1.566752,1.574365,1.710996,2.968472,0.4307345
2560,9.670365,0.097604,1.458643,1.711883,1.790657,3.565420,0.4298012
2570,9.669637,0.098508,1.686325,1.657401,1.891514,3.532423,0.4315255
2580,9.673291,0.096640,1.691881,1.737546,2.075399,3.120082,0.4290672
2590,9.673938,0.099450,1.677883,1.667313,1.854646,3.238961,0.4299805
2600,9.676503,0.095992,1.484975,1.566468,1.844239,3.397687,0.4327018
2610,9.676791,0.103770,1.816669,1.559334,1.936332,2.887513,0.4258874
2620,9.677737,0.099492,1.592191,1.701237,1.878125,3.296016,0.4279837
2630,9.676397,0.102868,1.599823,1.704271,2.123785,3.631467,0.4257539
2640,9.681532,0.097773,1.725503,1.756385,1.965754,3.293803,0.4817931
2650,9.681005,0.099577,1.510384,1.638441,1.796806,2.961981,0.4694405
2660,9.683024,0.100373,1.719642,1.666643,2.002980,3.176971,0.4657044
2670,9.683442,0.102783,1.406909,1.720098,1.985148,3.672219,0.4677029
2680,9.684215,0.103077,1.652819,1.719493,1.984493,3.120909,0.4678336
2690,9.687606,0.105509,1.643067,1.725036,1.990309,3.505279,0.465748
2700,9.688375,0.099597,1.759846,1.874405,1.854502,3.595902,0.464798
2710,9.690276,0.099618,1.766725,1.689794,1.997829,3.724054,0.4643427
2720,9.687556,0.103792,1.547857,1.605092,2.275388,3.349162,0.4702118
2730,9.687372,0.102911,1.754723,1.628164,1.841876,3.016980,0.4607171
2740,9.689148,0.104755,1.814101,1.664845,2.066639,3.654034,0.464917
2750,9.694444,0.102155,1.563400,1.764554,1.779481,3.039281,0.4581881
2760,9.694874,0.100498,1.910022,1.829560,1.871360,3.066792,0.4628142
2770,9.694569,0.103896,1.567706,1.797422,2.068634,2.883685,0.462253
2780,9.696637,0.103140,1.801877,1.634929,1.995472,3.837496,0.4574553
2790,9.698927,0.103476,1.705343,1.727482,1.875394,3.279943,0.4621819
2800,9.701393,0.099785,1.700744,1.605915,2.074996,3.080059,0.4648817
2810,9.702247,0.104085,1.593660,1.859709,2.088037,3.101111,0.4602842
2820,9.703681,0.103183,1.730161,1.878648,2.352440,3.495583,0.4519026
2830,9.702425,0.102805,1.727310,1.752498,2.100455,3.517081,0.4594978
2840,9.702996,0.102574,1.848960,1.695559,2.099122,3.152460,0.4600571
2850,9.704060,0.107145,1.717869,1.743349,1.817238,3.534319,0.4613442
2860,9.705228,0.107671,1.770257,1.728659,2.221813,3.546885,0.4587646
2870,9.708728,0.105133,1.754868,1.908710,2.026969,3.750162,0.4569759
2880,9.707848,0.109997,1.752775,1.714275,2.304134,3.750409,0.4573563
2890,9.711114,0.109558,1.760778,1.722314,2.118602,3.565597,0.4567976
2900,9.707869,0.111803,2.012498,1.950516,1.999734,3.447673,0.499415
2910,9.711351,0.114044,1.889172,1.657391,2.249129,3.206968,0.5004598
2920,9.708251,0.110752,1.790857,1.735048,1.978726,3.622563,0.499461
2930,9.712833,0.114380,1.783044,1.939152,1.886935,3.656748,0.496653
2940,9.712473,0.111632,1.820101,1.771318,2.211374,3.440167,0.4903676
2950,9.714091,0.113667,1.793979,1.890751,2.371331,4.046316,0.4901971
2960,9.713700,0.113352,2.049865,1.887278,2.004611,3.669780,0.4953463
2970,9.718069,0.113646,1.942156,1.898726,2.299493,3.249777,0.4912825
2980,9.719474,0.113855,1.968585,1.785417,2.228592,3.146179,0.4933629
2990,9.718036,0.113498,1.700125,1.988368,2.115260,3.927199,0.4900151
3000,9.720865,0.113309,1.698854,1.852176,2.303112,3.898416,0.4927044
3010,9.720410,0.114589,1.846888,1.856476,2.293637,3.554242,0.4882262
3020,9.719996,0.114484,1.987321,1.897050,2.331644,3.460993,0.4852698
3030,9.724347,0.114337,1.846030,1.634724,2.229158,3.965756,0.4922718
3040,9.721833,0.114588,1.850975,1.909902,2.028622,4.169458,0.4932867
3050,9.723618,0.114420,1.711335,1.931924,1.876867,3.556475,0.4856267
3060,9.728519,0.114696,2.132363,1.697179,2.283531,3.844887,0.4913641
3070,9.729160,0.118111,1.992642,1.797549,2.470717,3.799361,0.4834451
3080,9.726301,0.117923,1.600995,1.960597,1.988773,3.051195,0.4903365
3090,9.731415,0.118237,1.896728,1.747949,2.577116,4.426958,0.488152
3100,9.729582,0.114422,1.922774,1.858548,2.329818,4.247701,0.4847485
3110,9.727501,0.120670,1.878819,1.890623,2.113623,3.059689,0.4851987
3120,9.731251,0.116224,1.882394,2.074134,2.197812,3.662466,0.4891299
3130,9.731482,0.118320,1.883046,1.928332,2.213630,3.843497,0.4836634
3140,9.735464,0.115176,1.674740,1.972418,2.353802,3.719218,0.4860692
3150,9.734006,0.117251,1.738484,1.924608,2.292586,3.716970,0.5344792
3160,9.732799,0.117167,1.781448,1.929982,2.423726,4.303771,0.531328
3170,9.737665,0.118153,2.226266,2.031528,2.239928,4.096217,0.524772
3180,9.739113,0.123227,1.957589,1.979512,2.363776,3.586721,0.5245802
3190,9.734729,0.120691,2.078933,1.955708,2.359239,4.337729,0.5225039
3200,9.737035,0.123311,1.959496,1.870460,2.558399,3.301885,0.526445
3210,9.736401,0.123667,1.954004,2.130670,2.266710,3.948684,0.5219857
3220,9.742878,0.121634,1.946392,2.020044,2.399480,3.833168,0.5195935
3230,9.741770,0.123688,1.828418,2.038995,2.268928,4.155402,0.5178096
3240,9.742576,0.120522,1.967055,2.223390,2.179575,3.760731,0.5240039
3250,9.745927,0.123333,2.111610,2.158970,2.391829,4.171645,0.517237
3260,9.740128,0.123500,2.143477,1.942491,2.519598,3.451650,0.5111643
3270,9.745609,0.123227,1.831756,2.016252,2.295802,3.815565,0.5080707
3280,9.740659,0.123500,2.132596,2.172298,2.406532,3.639608,0.5167141
3290,9.748441,0.123291,2.152040,1.934371,2.290138,4.247073,0.5146394
3300,9.748729,0.123584,2.033835,2.043481,2.653102,3.925623,0.5117269
3310,9.744480,0.123312,1.721831,2.205177,2.548780,3.625398,0.5095579
3320,9.747092,0.123605,2.186867,2.027513,2.542703,3.846997,0.5092132
3330,9.749810,0.123396,2.014827,2.104478,2.120622,4.276011,0.507147
3340,9.752042,0.122535,1.774480,2.141784,2.487787,3.947815,0.5077131
3350,9.751950,0.128784,1.883370,2.205307,2.446889,4.479208,0.5073573
3360,9.750305,0.128658,2.048572,2.229628,2.692949,4.137216,0.5097304
3370,9.753191,0.128825,2.196600,2.349629,2.582764,4.329305,0.5035189
3380,9.752796,0.126792,2.066740,2.011838,2.808561,3.742119,0.50449
3390,9.753402,0.128846,2.362492,1.970823,2.395720,4.535324,0.5035489
3400,9.752810,0.128574,2.065866,2.328074,2.388025,3.709109,0.5091239
3410,9.753961,0.126059,2.223113,2.347230,2.054879,4.155689,0.5542847
3420,9.757543,0.126792,2.266735,2.266240,2.420787,4.178896,0.5586437
3430,9.758718,0.130650,1.922129,2.095794,2.615263,4.295360,0.5461099
3440,9.757519,0.132119,2.406955,2.260902,2.308959,4.387073,0.5499395
3450,9.754335,0.127840,2.082793,2.027706,2.403012,4.012978,0.5419641
3460,9.759614,0.128575,2.266056,1.973360,2.677946,4.234917,0.5438652
3470,9.759324,0.130713,1.950618,1.847341,2.631476,4.018473,0.5403969
3480,9.759971,0.130398,2.274000,2.135228,2.553342,4.050508,0.5395249
3490,9.762728,0.127673,2.281218,2.049213,2.702230,4.262096,0.5409047
3500,9.761723,0.132516,1.851027,1.918307,2.796061,3.842681,0.545027
3510,9.762926,0.132265,1.982670,2.329166,2.357405,5.195173,0.5405239
3520,9.765617,0.132558,2.308128,1.987500,2.672957,4.061198,0.5415319
3530,9.764543,0.129538,2.472377,2.146141,2.619926,4.282135,0.538901
3540,9.764091,0.132539,2.474641,2.327965,2.516438,3.929484,0.5335506
3550,9.764690,0.132306,2.180256,2.350587,2.471724,3.678855,0.5383381
3560,9.765197,0.132621,2.173748,2.080185,2.765766,4.782001,0.539841
3570,9.767173,0.129560,2.177341,1.840456,2.848185,3.448536,0.5351625
3580,9.765546,0.132621,2.181136,2.320734,2.470051,4.361458,0.5321379
3590,9.766548,0.132307,2.183685,2.478832,2.316727,4.107788,0.5306777
3600,9.769414,0.132620,2.044473,2.112566,2.639079,4.627527,0.5331384
3610,9.769259,0.134089,2.385140,2.238423,2.543599,4.206129,0.5331372
3620,9.769176,0.134361,2.204635,2.070213,2.367911,4.234153,0.4254391
3630,9.770142,0.135829,2.199867,1.965175,2.783753,4.834360,0.4264578
3640,9.771417,0.137862,2.237876,2.344783,2.916343,4.705456,0.4239796
3650,9.774276,0.137235,1.911282,2.250877,2.719599,4.693952,0.5220908
3660,9.770929,0.139625,2.083320,2.254493,2.805334,4.219702,0.563251
3670,9.772660,0.134823,2.203183,2.057227,2.648301,4.148052,0.5823189
3680,9.773813,0.136061,2.213221,2.404233,2.675683,4.614226,0.5816074
3690,9.775700,0.135661,1.905110,2.239915,2.703735,4.161719,0.5750941
3700,9.773936,0.135913,1.946564,2.099906,2.841009,4.435946,0.5752779
3710,9.775988,0.134214,2.063300,2.232398,2.707550,4.387751,0.5697849
3720,9.777098,0.135953,2.245289,2.260207,3.071431,4.906671,0.5706694
3730,9.776064,0.136480,2.266474,2.350813,2.709721,4.402526,0.5608673
3740,9.774312,0.139476,2.283600,2.280765,2.762236,4.451958,0.5651917
3750,9.776929,0.137926,2.101682,2.090193,3.080949,4.211075,0.5621926
3760,9.778355,0.139435,2.260196,2.259364,2.514840,4.490284,0.5667729
3770,9.780261,0.137631,2.255334,2.201011,3.000052,3.782017,0.5592679
3780,9.780382,0.141178,2.311850,2.476115,2.654177,4.501641,0.5622131
3790,9.783044,0.141513,2.310191,2.289439,2.766716,5.218108,0.5097684
3800,9.784136,0.139393,2.133027,2.017993,2.919558,4.274411,0.5147206
3810,9.780937,0.141472,2.134375,2.211577,2.784732,3.833607,0.5106701
3820,9.784189,0.141113,2.303514,2.436173,2.921598,4.586102,0.5074576
3830,9.782164,0.141428,2.667193,2.122713,2.663343,4.332261,0.5122839
3840,9.783137,0.140966,2.160767,2.314933,2.414958,4.092368,0.5095424
3850,9.785836,0.141364,2.651014,2.436349,2.779469,4.103282,0.504135
3860,9.785525,0.141094,2.513624,2.521973,2.707580,4.650070,0.5063626
3870,9.786598,0.141302,2.191274,2.550535,2.561888,5.334984,0.506696
3880,9.788166,0.141574,2.177193,2.344723,2.705698,4.612858,0.5106191
3890,9.785275,0.141239,2.497326,2.350049,2.721222,4.617362,0.5063848
3900,9.790964,0.142874,2.375941,2.377262,2.858238,4.382077,0.5036438
3910,9.786034,0.143168,2.197184,2.353720,2.454505,4.606917,0.5053978
3920,9.791381,0.146942,2.372599,2.358802,3.214505,4.361586,0.563232
3930,9.791244,0.146690,2.549223,2.250499,3.114209,4.578704,0.5571491
3940,9.789575,0.148096,2.572698,2.207199,3.117830,4.240180,0.5521752
3950,9.790939,0.144865,2.573313,2.481539,2.849881,5.090694,0.5504699
3960,9.788935,0.146334,2.209900,2.180172,2.995559,4.633010,0.5456036
3970,9.791144,0.143063,2.578971,2.299022,2.850364,4.843868,0.55466
3980,9.791593,0.144970,2.569186,2.431168,2.909823,4.231604,0.5446745
3990,9.792167,0.144740,2.376844,2.718374,2.872323,5.152615,0.5464316
4000,9.795364,0.145077,2.038550,2.319830,2.495389,4.890955,0.5456729
4010,9.793777,0.148241,2.398959,2.428557,3.410732,4.438277,0.5444821
4020,9.793597,0.150299,2.450848,2.442167,2.833242,4.307522,0.5430773
4030,9.795180,0.148158,2.621905,2.233579,2.878536,4.702555,0.5416397
4040,9.798205,0.144636,2.214067,2.628208,3.343760,4.748369,0.5383794
4050,9.800229,0.147616,2.082655,2.546823,2.931633,4.244006,0.5395299
4060,9.795358,0.149899,2.119818,2.686060,2.710511,4.983528,0.5390481
4070,9.799446,0.150444,2.267129,2.349996,2.544256,3.758125,0.537859
4080,9.798638,0.150065,2.828666,2.586779,2.969530,4.524630,0.5369305
4090,9.795860,0.149960,2.090546,2.372127,2.697852,4.789266,0.5328753
4100,9.798115,0.148137,2.504432,2.485424,3.113592,4.610052,0.5355427
4110,9.794612,0.150278,2.464784,2.914467,3.119126,5.284145,0.5379362
4120,9.798976,0.150547,2.464540,2.607929,3.096249,5.081164,0.5361782
4130,9.801398,0.150213,2.293156,2.172867,3.141609,4.542461,0.5339865
4140,9.803086,0.147027,2.698194,2.530428,3.385857,4.424574,0.534015
4150,9.799967,0.149861,2.681245,2.391722,2.590037,5.583524,0.5345009
4160,9.802590,0.151911,2.682050,2.284033,3.155052,4.114309,0.5344297
4170,9.799058,0.153987,2.320548,2.625640,3.402217,4.373552,0.5296459
4180,9.800658,0.155203,2.363938,2.648865,3.057795,5.187197,0.582049
4190,9.802087,0.152099,2.717051,2.306855,3.174350,5.084159,0.5755681
4200,9.805899,0.153150,2.501629,2.750797,2.907098,4.894467,0.5743927
4210,9.803938,0.151996,2.354315,2.426966,3.484185,4.880796,0.5698834
4220,9.805406,0.153693,2.560277,2.456253,3.062607,5.419222,0.5643482
4230,9.806444,0.151954,2.368553,2.448439,3.325147,5.162747,0.5677298
4240,9.809751,0.153987,2.166693,2.554129,2.908763,4.859267,0.5667566
4250,9.810296,0.153630,2.543105,2.764753,3.185506,4.681316,0.5637615
4260,9.802830,0.153842,2.419367,2.465196,2.699148,4.466706,0.5647708
4270,9.807530,0.155265,2.746252,2.565118,3.364045,4.747393,0.5662854
4280,9.808298,0.155517,2.788635,2.691389,3.075686,5.478519,0.5637644
4290,9.804659,0.159397,2.547663,2.453121,3.375263,4.541672,0.5603736
4300,9.809322,0.153651,2.618996,2.713673,2.848452,4.578839,0.5606899
4310,9.809235,0.159251,2.784629,2.473818,3.115014,5.225475,0.5580683
4320,9.780626,0.157132,2.581853,2.373773,2.969233,5.281859,0.5602594
4330,9.806961,0.159166,2.398982,2.835978,3.254607,5.015729,0.5615297
4340,9.809729,0.159396,2.423229,2.849890,3.021816,5.361978,0.5607353
4350,9.810308,0.157195,2.995384,2.840216,3.016110,5.093327,0.5563909
4360,9.812783,0.157384,2.217243,2.160264,3.280827,4.773306,0.5577002
4370,9.810247,0.159125,2.610765,2.461473,2.985038,5.523855,0.5516133
4380,9.815242,0.159124,2.454901,2.552224,3.032099,4.638951,0.5574139
4390,9.811730,0.159439,3.018224,2.403756,3.431752,4.098997,0.5529138
4400,9.812027,0.158998,2.628168,2.739820,2.886900,5.635840,0.555705
4410,9.810752,0.159019,2.645464,2.517629,2.998931,5.097606,0.5505342
4420,9.811130,0.160489,2.667372,2.566657,3.335048,4.972902,0.5517488
4430,9.815117,0.159081,2.242952,2.414942,3.498847,5.324650,0.6069248
4440,9.816061,0.157594,2.802774,2.622625,3.229751,4.686897,0.6040912
4450,9.812987,0.158936,2.454513,2.875220,3.359497,5.577524,0.5892379
4460,9.816306,0.158810,2.469082,2.811995,2.948104,5.579932,0.5931782
4470,9.813023,0.164115,2.644807,2.788627,3.197290,5.723496,0.5867994
4480,9.815384,0.160906,2.688610,2.569589,3.520064,5.550661,0.5853102
4490,9.816150,0.162562,2.378122,2.576474,3.569395,5.771263,0.5847159
4500,9.817585,0.160676,2.606412,2.916158,3.567334,4.677931,0.5848788
4510,9.816010,0.164576,2.957750,2.773693,3.172855,4.955148,0.5871115
4520,9.818755,0.161977,2.920212,3.109344,3.331639,5.335993,0.5870452
4530,9.812022,0.164429,2.941647,2.588451,3.610172,4.776183,0.5802357
4540,9.818897,0.162942,2.788216,2.722787,3.250223,4.772558,0.5798312
4550,9.818729,0.160677,2.924300,2.802938,3.335705,5.213211,0.5779308
4560,9.820753,0.164575,2.954806,2.831021,3.206495,5.115342,0.579286
4570,9.818456,0.164827,2.959603,2.905581,3.101580,5.450359,0.5782702
4580,9.821996,0.167931,3.003528,2.948795,2.903142,5.772456,0.5794346
4590,9.822098,0.166441,2.609319,3.061601,3.222298,6.149699,0.5752765
4600,9.821880,0.165980,3.015183,2.704752,3.532144,5.730107,0.5752822
4610,9.818864,0.166316,2.978863,2.821219,3.520200,5.495788,0.5764908
4620,9.824859,0.166546,2.649986,2.839978,3.161303,4.899543,0.5791514
4630,9.822757,0.163381,2.821039,2.951261,3.805755,5.632516,0.5767897
4640,9.823464,0.168226,2.612522,2.620986,3.548798,5.305590,0.5704176
4650,9.823813,0.166672,3.030766,2.638125,3.423790,5.419942,0.5707696
4660,9.818642,0.163130,3.018069,2.894709,3.323751,5.888778,0.5724337
4670,9.824629,0.168098,2.846000,3.170416,3.541380,5.106633,0.5674013
4680,9.827134,0.167784,2.832900,2.879237,2.995392,4.835365,0.5703199
4690,9.827160,0.168078,2.465984,2.759805,3.563546,5.567227,0.6209138
4700,9.828524,0.168370,2.698398,3.037503,3.467206,5.458751,0.6199183
4710,9.826090,0.167890,2.880976,2.981779,3.587978,4.608904,0.6159071
4720,9.825586,0.166318,2.656941,2.679996,3.715530,6.220764,0.6095166
4730,9.828180,0.171160,2.871537,2.911291,3.572053,5.854286,0.6050405
4740,9.828636,0.173236,2.700685,3.036940,3.627669,5.798830,0.6071843
4750,9.828398,0.170048,2.884410,2.915555,3.167466,5.779866,0.6006755
4760,9.825558,0.173109,3.056139,3.013278,3.304596,6.197727,0.6082397
4770,9.831040,0.175167,3.059149,3.156619,3.634854,5.862978,0.6022134
4780,9.826852,0.170116,2.761603,3.067143,3.263489,5.791149,0.5983965
4790,9.827579,0.173173,3.122682,3.135103,3.493649,5.233665,0.6005441
4800,9.833627,0.171599,2.884544,2.830395,3.660179,6.110478,0.6005796
4810,9.825164,0.171243,2.911905,3.068868,3.234735,5.264283,0.5991239
4820,9.829213,0.169734,3.135468,2.984128,3.695298,5.832998,0.5958401
4830,9.831751,0.173636,2.906821,3.071500,3.378931,6.089450,0.596209
4840,9.830883,0.171327,3.132369,2.739556,3.833397,5.282705,0.596963
4850,9.834710,0.169924,2.905959,3.303544,3.679353,5.370399,0.5972151
4860,9.832095,0.175499,2.780670,3.215935,3.455170,5.882388,0.5908822
4870,9.833026,0.176782,2.941890,2.742571,3.533202,6.369154,0.5938955
4880,9.829718,0.175290,2.527233,3.114720,3.677394,5.644719,0.5936813
4890,9.836764,0.176632,2.761411,2.995886,3.700019,6.129166,0.5940509
4900,9.834039,0.174873,3.205209,2.807432,3.751877,6.433148,0.5943537
4910,9.835533,0.177052,3.375685,2.765988,3.577612,5.216849,0.5888062
4920,9.832632,0.174724,2.939263,2.904597,3.280916,6.467505,0.5899118
4930,9.831530,0.176698,2.776272,3.005418,3.731491,6.568645,0.5829778
4940,9.834070,0.175227,3.018584,2.961060,3.759918,5.452763,0.635276
4950,9.833760,0.176528,3.191871,2.907776,3.437699,5.231291,0.6379578
4960,9.836023,0.176884,2.995258,3.126706,3.582949,6.688252,0.6327634
4970,9.837098,0.177197,3.179647,2.790823,3.772151,5.895997,0.6308033
4980,9.839249,0.176632,3.240835,2.964769,3.661755,6.333558,0.6248519
4990,9.832641,0.180406,3.211838,3.161687,2.996361,6.384429,0.6225828
5000,9.832561,0.175356,2.968184,3.302395,3.485193,6.044782,0.6230254
5010,9.837955,0.176657,2.988431,3.183375,3.968048,5.694832,0.6223349
5020,9.836741,0.178771,3.262361,2.970511,3.873168,6.657266,0.6167866
5030,9.839444,0.177387,3.268442,2.934604,3.796350,5.540058,0.6179542
5040,9.838518,0.181960,3.258069,3.072583,3.814924,5.351427,0.6208339
5050,9.833887,0.182272,3.033958,2.968135,3.826396,5.505391,0.6137029
5060,9.842871,0.180784,3.465184,3.132319,3.589830,5.458164,0.6155023
5070,9.839194,0.180325,3.065331,2.938893,4.134605,5.363186,0.6144514
5080,9.842756,0.177031,2.629856,3.214592,3.982606,5.797829,0.613559
5090,9.841026,0.182378,3.293314,3.080373,3.390554,5.565873,0.6130229
5100,9.840132,0.180217,2.893591,3.375317,4.046676,5.546378,0.6138987
5110,9.838780,0.185820,3.277939,2.843254,3.379486,5.773729,0.6101875
5120,9.842421,0.181769,3.321840,3.247335,3.226454,5.346628,0.6113313
5130,9.843208,0.182105,3.091229,3.114928,3.235516,5.466546,0.609495
5140,9.839730,0.182298,3.327420,3.041801,3.743579,6.502083,0.607616
5150,9.845314,0.185459,3.080727,3.250476,4.073724,5.920316,0.6050261
5160,9.841295,0.182104,3.555833,3.283258,3.883903,5.026969,0.6078982
5170,9.841221,0.185880,3.067288,3.013331,3.906106,6.068278,0.6095736
5180,9.843066,0.185375,3.347735,3.538303,3.786339,6.254474,0.6080143
5190,9.845874,0.182231,2.877045,3.401506,3.611912,6.800633,0.6034233
5200,9.840959,0.184202,2.885839,3.123692,4.122031,5.984436,0.6600667
5210,9.843385,0.183656,3.055935,3.144182,3.744142,6.217210,0.6541224
5220,9.844690,0.185716,3.170622,3.326176,4.137286,5.961204,0.6508428
5230,9.842940,0.184327,3.150849,3.277636,3.752538,6.195381,0.6451087
5240,9.847180,0.185480,3.599306,3.274345,3.955771,5.961169,0.6391403
5250,9.846066,0.185817,3.569397,3.316298,4.185393,5.705203,0.6417075
5260,9.846862,0.187933,3.627402,2.749630,3.824570,6.228800,0.6399544
5270,9.845634,0.185482,3.163058,2.668177,3.642234,6.556041,0.6420447
5280,9.845533,0.185858,3.126019,3.191941,3.973078,6.301638,0.6380593
5290,9.849008,0.184247,3.191628,3.563317,3.631533,6.760406,0.637912
5300,9.845238,0.187159,2.750527,3.116510,3.742001,5.824845,0.6377782
5310,9.846655,0.189359,2.942734,3.569139,4.199205,6.819184,0.6296093
5320,9.847473,0.193217,2.969537,3.348377,3.985752,6.444631,0.6331472
5330,9.850001,0.190807,3.193464,3.335304,4.165308,5.115304,0.6307023
5340,9.848955,0.189339,2.771491,3.031023,3.872989,6.399098,0.6292222
5350,9.850888,0.191059,3.200823,3.347348,4.047421,6.106944,0.6332517
5360,9.848491,0.187262,2.734515,3.223447,3.700652,6.971803,0.6296482
5370,9.846051,0.189380,3.432098,3.208641,3.859031,6.467838,0.6267806
5380,9.849400,0.191436,3.473711,3.189859,4.117166,5.810726,0.6297084
5390,9.853318,0.190785,3.229461,3.216238,4.260151,6.002019,0.6252811
5400,9.851730,0.191079,3.215662,3.121101,4.069285,6.471327,0.6205639
5410,9.847304,0.193218,3.247042,2.983601,4.264949,6.572410,0.6185066
5420,9.850208,0.187241,3.248109,3.579323,4.401087,6.180350,0.6207504
5430,9.853425,0.189402,3.232078,3.401639,3.770785,6.243363,0.6223449
5440,9.851214,0.194978,3.467576,2.983806,4.093938,6.209155,0.6180586
5450,9.851181,0.191418,3.475893,3.562687,3.926120,5.962322,0.6174517
5460,9.852917,0.189150,3.548784,3.223965,4.092415,5.832763,0.6706167
5470,9.851668,0.193155,3.282003,2.912154,3.412426,5.911992,0.6719264
5480,9.852089,0.193386,3.020696,3.288938,3.620408,7.240925,0.6672906
5490,9.854667,0.194605,3.525051,3.436633,3.941867,6.647061,0.6554967
5500,9.853187,0.190805,3.102661,3.364482,3.844395,6.828885,0.6547399
5510,9.851910,0.194730,3.546612,3.303060,3.938508,6.580693,0.653329
5520,9.851949,0.194139,3.302727,3.321345,4.126546,7.106085,0.6599826
5530,9.855882,0.192630,3.289761,3.318078,3.440321,6.207998,0.6511234
5540,9.856740,0.192757,3.589894,3.124842,3.855160,6.944292,0.6540673
5550,9.857708,0.198228,3.040146,3.608172,3.611846,6.674654,0.6498132
5560,9.854227,0.197998,3.560218,3.179641,3.794410,6.660661,0.6491209
5570,9.852079,0.198334,3.580090,3.464366,3.825653,6.998221,0.6517709
5580,9.852590,0.196802,3.337882,3.252892,4.044938,6.331094,0.6501809
5590,9.859901,0.192673,3.608727,2.921566,4.382895,6.651738,0.6468567
5600,9.860094,0.198249,2.824555,3.476969,4.200863,5.934136,0.6437529
5610,9.856631,0.200346,3.854356,3.497491,3.848086,6.321510,0.644812
5620,9.857312,0.199675,2.933458,3.299455,3.788374,6.348591,0.6468724
5630,9.856181,0.196450,3.108446,2.923747,4.360458,6.183274,0.6429035
5640,9.855827,0.198588,3.346111,3.389159,3.685041,6.734897,0.6422474
5650,9.857244,0.196409,3.099094,3.356638,3.884140,7.080300,0.6390194
5660,9.859533,0.196425,2.949764,3.294508,4.281329,6.323698,0.6411418
5670,9.859725,0.202132,3.614471,3.679632,4.062778,7.176290,0.6359885
5680,9.857909,0.199528,3.380765,3.243533,4.232672,5.714936,0.6335854
5690,9.861971,0.198145,3.665864,3.403112,3.692158,6.161932,0.6375046
5700,9.862434,0.198460,3.413903,3.602228,3.802074,6.957890,0.6331829
5710,9.861425,0.196383,3.394708,3.244597,4.254854,6.419633,0.69372
5720,9.856393,0.196279,3.382598,3.383560,4.077051,6.768177,0.6874289
5730,9.862861,0.198440,3.174739,3.270201,4.124957,6.443832,0.6863306
5740,9.859448,0.199592,3.184025,3.629813,4.364763,6.930046,0.6760323
5750,9.862110,0.201732,3.158056,3.897840,3.915536,6.422505,0.6745971
5760,9.863071,0.201941,3.417756,4.030418,4.308343,6.103499,0.6743222
5770,9.862881,0.201961,3.454755,3.460080,4.327367,6.373963,0.671897
5780,9.860428,0.203241,3.465389,3.860822,4.029100,6.295965,0.6654009
5790,9.861894,0.203660,3.685763,3.427985,3.576098,6.980338,0.6724513
5800,9.864404,0.203953,3.715348,3.156814,4.135447,6.389439,0.6708078
5810,9.859166,0.205358,4.005130,3.609464,4.334189,7.200143,0.6643996
5820,9.862807,0.199842,3.030383,3.936193,4.062913,6.184180,0.6659136
5830,9.863564,0.202152,3.948601,3.335946,4.211046,6.425526,0.6562819
5840,9.864505,0.202400,3.743962,3.468940,4.202594,6.214723,0.6621059
5850,9.863077,0.205274,2.899193,3.789023,3.610804,6.246034,0.6642278
5860,9.863388,0.209112,3.736387,3.429555,4.410639,7.469489,0.6623302
5870,9.866353,0.205881,3.749914,3.039525,3.832385,6.282530,0.6607771
5880,9.868848,0.208774,3.729247,3.976410,3.817255,7.334007,0.6582832
5890,9.864310,0.207329,3.181573,3.345268,4.202369,6.905575,0.6581286
5900,9.865912,0.209298,3.691059,3.408807,4.234001,6.354828,0.6595836
5910,9.864620,0.210789,3.491675,3.683163,4.413927,7.092757,0.6572269
5920,9.865716,0.207097,3.214626,3.664195,3.267649,6.296307,0.6509964
5930,9.868427,0.206532,3.459924,3.518182,3.812009,6.978390,0.6556438
5940,9.864417,0.207685,3.798037,3.742893,3.922569,6.639235,0.6549719
5950,9.863909,0.208628,3.518287,3.689020,4.237171,6.480031,0.6479701
5960,9.866430,0.209047,3.557170,3.844005,4.437525,6.628786,0.649025
5970,9.866709,0.207517,3.527419,3.852635,4.289200,6.294112,0.7059826
5980,9.865815,0.210725,3.837552,3.474444,4.326672,6.885299,0.699962
5990,9.866355,0.208923,3.257294,4.004004,4.693133,6.298715,0.6954033
6000,9.865324,0.210788,3.820581,3.563479,4.709697,5.869169,0.688436
6010,9.866060,0.208628,3.244237,3.416981,4.108890,6.684479,0.6841779
6020,9.868637,0.210642,3.608839,3.645921,4.178667,6.598668,0.685365
6030,9.869627,0.211039,3.869349,3.583940,3.890116,7.357404,0.6807682
6040,9.866652,0.210242,3.809505,3.759995,4.678670,6.870065,0.6863847
6050,9.870181,0.210583,2.974917,3.730441,4.316195,6.698802,0.6821257
6060,9.870978,0.210830,3.882909,3.639712,4.019237,6.652046,0.6839187
6070,9.865362,0.212047,4.151686,3.721750,4.068355,6.049580,0.6825285
6080,9.868609,0.210516,3.277438,3.770309,4.321598,7.233752,0.6765246
6090,9.866839,0.212655,3.599176,3.282030,4.561109,5.907869,0.6738669
6100,9.869622,0.211062,3.390312,3.856923,4.049059,6.765126,0.6777515
6110,9.873716,0.217476,3.572173,3.772112,4.165603,5.948086,0.6776586
6120,9.870349,0.208922,3.305610,3.460699,4.575376,6.735533,0.6752363
6130,9.867761,0.214626,3.859267,3.321069,4.569303,7.575530,0.6766951
6140,9.870212,0.217499,4.194105,3.109920,4.229706,6.192636,0.6685883
6150,9.873143,0.214228,3.938216,3.489767,4.727301,6.714488,0.6780976
6160,9.870728,0.212717,3.631384,3.976375,4.812831,7.475506,0.6764777
6170,9.868166,0.214395,3.936093,3.970867,4.818525,6.626913,0.6721986
6180,9.870932,0.217583,3.710117,3.859987,4.629923,7.045174,0.6733328
6190,9.874056,0.210850,3.091866,3.634258,4.211520,6.172937,0.6654513
6200,9.872699,0.212989,3.372952,3.642358,4.589316,7.101422,0.6630732
6210,9.874191,0.217519,3.602104,3.999306,4.385366,6.145018,0.6636211
6220,9.872897,0.214184,3.446405,4.183892,4.304975,7.094646,0.663856
6230,9.872610,0.218171,3.699533,3.840099,4.362284,6.050964,0.7147215
6240,9.876148,0.222048,3.393216,3.546505,4.614624,7.313045,0.7148969
6250,9.872630,0.214166,3.639321,4.012135,4.414395,6.203690,0.710085
6260,9.870823,0.218002,3.718314,3.893026,4.159700,7.749358,0.7035774
6270,9.872464,0.216576,3.075426,3.554083,4.462128,6.824594,0.7019779
6280,9.872562,0.217581,3.372947,3.696518,3.861486,6.212843,0.6966452
6290,9.874340,0.221421,3.671489,3.225115,4.727349,6.201368,0.699216
6300,9.874848,0.214587,3.503306,3.955919,4.711881,7.688718,0.7002203
6310,9.874261,0.218338,3.692095,3.864007,3.664163,7.295818,0.6982923
6320,9.873495,0.217686,4.009770,3.721196,4.899923,6.391340,0.697555
6330,9.877197,0.218023,4.001519,4.212750,4.047598,6.742650,0.6885395
6340,9.876057,0.220121,3.779696,3.508394,4.408500,8.003852,0.6922954
6350,9.877552,0.220371,3.669479,3.573685,4.510781,7.814984,0.6910141
6360,9.877278,0.219595,3.425060,4.078003,4.265766,7.202994,0.6871393
6370,9.877974,0.218191,3.427472,3.907069,4.935517,7.004332,0.6927112
6380,9.874970,0.221819,3.216976,3.686690,4.764008,7.324670,0.6850326
6390,9.876128,0.223013,4.070581,4.276953,4.304480,6.615676,0.6820725
6400,9.877182,0.223285,3.775231,3.763559,4.778299,7.147236,0.6830258
6410,9.874556,0.220036,3.769414,4.126513,4.527602,6.799309,0.6827095
6420,9.878187,0.223831,3.559264,4.004525,3.849879,7.751054,0.6844956
6430,9.879162,0.224899,3.773651,3.745188,4.982028,6.472351,0.6844327
6440,9.879215,0.225173,3.781692,3.981089,4.989620,6.048943,0.6810222
6450,9.879996,0.227332,3.787339,3.786621,4.756980,5.762055,0.679597
6460,9.879006,0.228212,4.376524,4.133341,4.429144,7.682986,0.6802974
6470,9.876254,0.224964,3.488281,3.951666,5.216366,7.476439,0.6777653
6480,9.880159,0.223516,3.758497,3.319301,4.976122,7.491693,0.7389849
6490,9.879505,0.227460,4.411985,3.819359,4.612280,6.500323,0.728516
6500,9.878025,0.226473,3.585718,3.884168,4.883447,6.056985,0.7201601
6510,9.877012,0.228569,3.785198,4.301780,4.199566,7.521354,0.7204275
6520,9.881028,0.225297,3.183712,4.019671,4.842795,6.435165,0.7143536
6530,9.880995,0.227459,3.846713,4.016283,3.990282,6.445354,0.720451
6540,9.879229,0.226558,3.811565,4.221990,4.495998,8.012126,0.7107661
6550,9.881119,0.226979,4.119728,4.168109,4.819856,6.971413,0.7162869
6560,9.879233,0.225444,3.496791,3.847002,4.409289,7.373246,0.7083113
6570,9.880999,0.229073,4.112225,4.027362,4.428715,6.612681,0.7130076
6580,9.880601,0.226745,4.167376,3.644101,4.539421,7.166333,0.7101745
6590,9.884183,0.227040,3.845805,3.487704,4.889180,7.072256,0.7058384
6600,9.882291,0.231989,3.210733,3.854561,4.235279,5.900129,0.7046742
6610,9.879527,0.230247,3.212280,3.882075,4.030028,6.853063,0.704873
6620,9.882795,0.228693,3.345534,4.141111,4.977914,7.356215,0.7050738
6630,9.877732,0.229849,3.573180,3.512529,4.929789,7.168528,0.702513
6640,9.882562,0.230059,3.538713,3.705953,4.468556,6.346304,0.6987507
6650,9.882161,0.230351,3.847474,3.728724,4.496509,7.958420,0.6979577
6660,9.883637,0.225299,4.539395,4.298476,4.156268,6.443525,0.6958889
6670,9.884300,0.231903,3.886068,3.754283,4.467280,7.345322,0.7021477
6680,9.883761,0.231989,4.235719,4.302328,4.294170,7.507083,0.6953152
6690,9.882094,0.234022,4.209308,3.742688,4.741956,7.193880,0.6950198
6700,9.884768,0.232574,4.256581,4.168405,4.354737,7.285692,0.6971592
6710,9.883169,0.235322,3.907197,3.917607,4.744086,7.037468,0.6940947
6720,9.883964,0.232070,3.268846,4.136034,4.970365,6.604373,0.6904694
6730,9.887046,0.235970,4.570471,3.764102,5.002454,6.750528,0.6860716
6740,9.883994,0.236935,4.293616,4.176976,4.773775,7.377638,0.7411342
6750,9.887878,0.231923,3.943215,3.410733,4.516282,6.849903,0.737217
6760,9.884268,0.233936,3.580616,3.784391,4.739398,6.768559,0.734114
6770,9.886111,0.235997,3.960736,3.958933,5.229121,7.196236,0.7270765
6780,9.888534,0.233664,3.966974,3.896125,4.621986,8.370225,0.7272211
6790,9.881408,0.237314,3.284516,3.971329,4.554596,6.841281,0.7289748
6800,9.883683,0.230498,3.980194,4.638111,5.016302,6.827673,0.7210737
6810,9.887057,0.236117,3.986625,4.138019,5.289298,7.395564,0.7203345
6820,9.887757,0.230206,3.147761,3.725222,5.321067,7.133888,0.7257451
6830,9.888832,0.235679,4.018278,3.832298,4.363144,7.455017,0.723395
6840,9.885541,0.239535,3.665435,4.013519,4.870881,7.607688,0.715206
6850,9.884947,0.238004,3.663619,4.194493,5.281863,6.739024,0.7215757
6860,9.887497,0.237145,4.316942,3.919410,4.428402,6.667759,0.7198438
6870,9.887210,0.237480,4.359444,3.627199,4.619265,7.160077,0.7154982
6880,9.884826,0.239598,4.340763,3.999542,4.583850,6.361601,0.7190482
6890,9.889602,0.238801,4.015048,3.841115,5.090353,7.668381,0.718102
6900,9.888719,0.238908,4.067039,4.290006,4.899105,7.328375,0.716655
6910,9.886352,0.237627,4.021875,4.021553,5.135209,7.559746,0.7088275
6920,9.884032,0.239681,3.681455,3.674678,4.167772,7.971427,0.7050142
6930,9.885702,0.240627,4.007443,4.050022,5.291690,5.958810,0.710983
6940,9.889502,0.239095,4.100829,4.137782,4.542757,7.974340,0.7128269
6950,9.889846,0.237713,4.362945,3.684679,5.367149,7.475152,0.7053238
6960,9.888224,0.237920,3.713133,3.865773,4.448490,7.224405,0.7082534
6970,9.886262,0.239975,4.763862,4.080007,4.435336,6.925391,0.7026909
6980,9.888890,0.242625,4.412448,4.303574,4.516078,8.072343,0.7046124
6990,9.889862,0.239514,4.398826,4.458180,5.131174,7.713812,0.763455
7000,9.889076,0.236305,3.737735,4.484671,4.440042,8.321263,0.7566988
7010,9.889070,0.240018,3.721695,4.094115,4.941091,7.533710,0.7547168
7020,9.888464,0.242687,4.085336,4.006179,5.224521,7.908669,0.7452505
7030,9.891080,0.241255,4.049881,4.088162,5.386683,6.536960,0.7427212
7040,9.892061,0.243371,4.428983,4.288267,5.434656,7.410246,0.7437743
7050,9.887881,0.241926,4.131151,3.943608,4.490267,7.156219,0.7354144
7060,9.889686,0.246226,4.198190,4.191185,4.564784,7.069893,0.73821
7070,9.890612,0.244863,4.075902,3.565540,5.448707,7.106014,0.7409574
7080,9.891799,0.243371,3.735058,3.929469,5.492109,7.487656,0.7378171
7090,9.893215,0.242493,4.113127,3.946250,5.201453,6.908975,0.7364788
7100,9.891905,0.242743,3.883394,4.257115,4.589247,7.291147,0.7266764
7110,9.891908,0.246624,4.118555,4.301933,5.271776,7.418310,0.72406
7120,9.892010,0.246915,4.123880,3.752974,4.734912,7.242650,0.7301527
7130,9.890597,0.247902,4.108867,4.117031,5.247065,6.830591,0.7275526
7140,9.889613,0.248055,3.568208,4.430128,4.384457,7.827230,0.727746
7150,9.893947,0.244843,4.527455,3.774178,4.752981,7.534192,0.726981
7160,9.893270,0.246957,4.501674,3.971379,5.254535,7.812005,0.7193092
7170,9.891585,0.247253,4.513600,4.533669,5.072902,7.571974,0.7258418
7180,9.892206,0.244860,4.232153,4.727768,5.559916,7.593727,0.7232021
7190,9.890006,0.248364,4.158437,3.773688,5.036698,7.430258,0.725096
7200,9.892340,0.248680,4.571993,4.196242,4.825191,6.830238,0.7209658
7210,9.894113,0.248994,4.526472,4.010204,5.042753,7.593573,0.7196885
7220,9.893673,0.246225,4.284667,4.450058,4.907606,9.495974,0.7204955
7230,9.894398,0.249997,3.818379,4.413407,4.773536,7.875676,0.7178944
7240,9.890946,0.252178,4.870706,4.777092,4.580303,8.253162,0.7178525
7250,9.893471,0.252431,3.793224,4.217525,5.120662,8.061350,0.7737117
7260,9.893516,0.249813,4.508096,4.496092,5.124729,7.632672,0.7663158
7270,9.894389,0.251781,4.514552,4.621095,5.329554,6.758413,0.760168
7280,9.894176,0.250312,4.909071,4.259486,5.600855,7.927858,0.7553882
7290,9.895507,0.250628,4.599649,4.622170,5.323622,7.095482,0.7495317
7300,9.894706,0.251363,4.287691,4.458809,5.560409,7.656242,0.7482388
7310,9.894491,0.253227,3.863666,4.448271,5.415155,7.819802,0.7528581
7320,9.897180,0.253167,4.219479,4.442235,5.364490,7.316628,0.7529091
7330,9.897083,0.249773,4.265205,4.444436,4.907782,8.161534,0.7508862
7340,9.894839,0.250837,3.655381,4.503381,4.286319,8.398639,0.7473442
7350,9.893982,0.252956,3.878774,3.630700,4.631284,7.341584,0.7427954
7360,9.895120,0.251424,4.670242,4.249482,5.890918,7.836751,0.7381705
7370,9.896773,0.251676,4.236084,3.861439,4.864154,7.360660,0.7311154
7380,9.893563,0.250151,4.329621,4.377344,5.238150,7.293131,0.7380256
7390,9.893803,0.249309,3.872773,4.059404,6.168411,7.519355,0.7353164
7400,9.896325,0.253250,3.503135,4.280304,4.652078,7.783586,0.7326254
7410,9.897326,0.251094,4.641153,4.103844,6.152033,7.325561,0.7344461
7420,9.895549,0.253773,4.664870,4.512774,4.798084,8.295187,0.7300923
7430,9.897876,0.254718,4.243394,4.486772,5.163634,7.862208,0.7355184
7440,9.897694,0.253163,4.300943,3.690933,5.222139,7.891965,0.7294146
7450,9.901773,0.255449,3.887628,4.291344,5.181173,7.980695,0.7311783
7460,9.899519,0.257359,4.058241,4.218097,5.483180,7.702603,0.728358
7470,9.900721,0.258408,3.957149,4.094630,5.221324,7.525866,0.7276233
7480,9.897014,0.255116,4.297873,4.347686,4.973536,7.629559,0.7271299
7490,9.899581,0.257068,5.027035,4.144662,5.223162,7.072396,0.7204082
7500,9.898343,0.258076,4.386530,4.823517,4.864005,8.091354,0.725614
7510,9.898555,0.256520,4.338994,4.346332,4.987136,7.035928,0.7798338
7520,9.897631,0.257043,4.664983,4.523123,5.021629,7.443654,0.7709404
7530,9.899823,0.257525,3.936681,4.972323,4.750995,7.776594,0.7686905
7540,9.900856,0.261447,4.085770,4.826346,5.317537,7.888637,0.7625812
7550,9.900338,0.261969,3.959706,4.329840,5.542377,7.613168,0.7574782
7560,9.899843,0.262098,5.083231,4.589592,5.845737,6.827284,0.761151
7570,9.899897,0.260754,4.364144,4.182829,4.544013,7.807329,0.7512118
7580,9.899237,0.261068,4.738025,5.048509,5.107845,7.394260,0.7548178
7590,9.900538,0.261950,5.125469,4.783369,5.249652,7.407933,0.7566039
7600,9.899925,0.258632,4.425464,3.757293,5.050622,7.708162,0.7540079
7610,9.901790,0.262431,3.590101,3.972733,5.597202,7.225243,0.7482398
7620,9.902624,0.259183,5.158740,4.652696,5.165306,8.938263,0.7533629
7630,9.900701,0.263480,4.007476,4.002520,5.278002,7.772072,0.7503972
7640,9.900760,0.262269,4.357425,4.358936,5.032730,7.714996,0.7472098
7650,9.902734,0.262559,4.401926,3.991958,4.829664,7.521412,0.7414866
7660,9.898585,0.262599,4.067533,4.913458,5.869887,8.312320,0.7442225
7670,9.903188,0.263923,4.018622,4.391352,4.872430,7.754918,0.7467873
7680,9.902631,0.263942,4.840481,4.653471,4.822413,7.724308,0.740478
7690,9.901372,0.260654,4.017063,4.473264,5.697176,8.153847,0.7426578
7700,9.901159,0.260903,4.108621,4.517377,5.202461,8.106177,0.740643
7710,9.903043,0.261320,4.002416,4.841042,4.866526,7.594408,0.6035812
7720,9.903141,0.263753,4.858455,4.202806,4.893741,8.047578,0.6127613
7730,9.900287,0.262390,3.634916,4.474871,5.578829,7.597346,0.608569
7740,9.901099,0.259119,4.538046,4.751851,5.221311,8.346399,0.6048201
7750,9.901379,0.262915,4.037359,4.626332,5.896555,7.633656,0.7423276
7760,9.901003,0.267213,5.207882,4.402043,4.517396,7.666581,0.7973631
7770,9.903819,0.267610,4.828541,4.906683,5.876382,7.434627,0.7899541
7780,9.904308,0.262475,4.136233,4.498759,5.862189,7.970248,0.7881602
7790,9.901577,0.268302,4.420968,4.199846,4.560442,7.515832,0.7757071
7800,9.904153,0.267401,4.424111,4.667720,5.307769,7.431781,0.7706202
7810,9.901936,0.262286,4.033139,4.597197,5.124982,7.326598,0.770233
7820,9.904789,0.265912,4.123409,4.340916,5.450690,7.577721,0.7646323
7830,9.904828,0.266354,4.844715,4.431200,4.865320,7.820903,0.7642522
7840,9.902647,0.269059,4.047145,4.467805,5.926630,8.177629,0.7650793
7850,9.905196,0.267297,4.852875,4.240176,4.593888,7.700343,0.7640871
7860,9.905533,0.271052,5.250319,4.573101,5.458672,7.852467,0.7625593
7870,9.905397,0.269749,4.119586,4.691535,4.364102,7.145917,0.7597251
7880,9.902103,0.266520,4.006862,4.921823,5.426180,7.744789,0.7604018
7890,9.902256,0.271323,4.803771,4.266782,4.906505,7.114997,0.7560078
7900,9.905162,0.265849,4.506712,4.119742,5.800545,8.587719,0.7604905
7910,9.906139,0.267926,4.830280,4.269018,5.211801,7.391188,0.7522176
7920,9.906602,0.271762,4.922172,4.514989,4.630942,7.965460,0.7539736
7930,9.907253,0.267296,4.512596,4.933447,5.176452,7.056543,0.7507176
7940,9.906322,0.269337,4.560807,4.224073,6.479945,8.392748,0.7555815
7950,9.907380,0.267757,4.550455,4.508398,5.719502,7.581091,0.750125
7960,9.904972,0.270065,4.515817,3.863904,4.958896,7.632883,0.7548979
7970,9.906422,0.273484,5.378222,4.105036,6.040789,7.689320,0.7494559
7980,9.906974,0.271070,4.260302,5.020673,4.549669,8.183841,0.7463862
7990,9.906170,0.269710,4.103673,4.736052,5.495223,7.817788,0.7454973
8000,9.906711,0.267988,4.969001,4.112274,5.212973,7.217282,0.7418328
8010,9.905416,0.275349,4.100929,4.566500,5.531620,7.721038,0.7397219
8020,9.905273,0.272226,5.031831,5.414382,6.083242,8.779752,0.7998411
8030,9.904814,0.271430,4.142631,4.791443,5.236501,7.853019,0.7942211
8040,9.904896,0.276669,4.970003,4.580506,5.236488,7.201027,0.7882359
8050,9.905373,0.273567,5.412821,4.802702,4.996477,7.885334,0.7778209
8060,9.905712,0.273881,4.628954,4.676972,5.826550,8.242297,0.7788353
8070,9.907373,0.278326,5.007513,4.140439,5.824716,7.633647,0.7774744
8080,9.907887,0.276756,5.022237,4.806626,4.681222,8.015288,0.7752526
8090,9.907141,0.274949,4.160191,5.033079,5.567190,7.773685,0.7727545
8100,9.907719,0.278912,4.696178,4.068802,5.658643,8.262257,0.7714352
8110,9.909501,0.280967,4.191051,4.363276,5.028102,7.739853,0.77027
8120,9.907860,0.278221,3.794161,4.779107,4.985412,7.350584,0.7694224
8130,9.907465,0.276963,5.032243,4.575499,5.860165,7.733454,0.7685118
8140,9.907520,0.282204,5.111092,4.306675,5.927234,8.836430,0.7700805
8150,9.906651,0.279019,4.594295,5.297946,5.610135,8.171088,0.765082
8160,9.908664,0.281154,4.152659,4.613185,5.587800,7.059592,0.7685727
8170,9.906781,0.275200,4.628471,5.118880,5.874935,7.386791,0.7680101
8180,9.907538,0.277069,5.473340,4.938124,5.446877,8.408723,0.7616959
8190,9.910010,0.280674,3.782872,5.055925,5.940439,7.742124,0.7646179
8200,9.908271,0.277361,4.627957,4.906535,6.505841,8.072232,0.7683579
8210,9.906972,0.279165,5.494327,4.667703,5.387917,7.781458,0.7557408
8220,9.908066,0.280086,4.323316,4.532511,5.489867,8.100089,0.7593212
8230,9.909888,0.279877,5.522492,4.648506,5.289011,8.056155,0.7574494
8240,9.909575,0.276606,4.212023,3.936522,5.328798,7.947703,0.7562885
8250,9.908962,0.278324,4.201799,4.635892,5.086859,7.986631,0.7498793
8260,9.907041,0.277740,4.385382,5.185452,5.720216,8.111726,0.7596206
8270,9.910549,0.278115,5.105171,3.731577,5.664680,7.913596,0.8173547
8280,9.909406,0.280258,5.071193,4.444077,5.655124,8.146892,0.8038835
8290,9.909185,0.280590,4.636189,5.155303,5.987356,7.653968,0.8018454
8300,9.911693,0.281471,5.177586,4.567285,6.550055,8.492048,0.791816
8310,9.910676,0.283296,5.120608,5.165010,6.262901,8.019042,0.7971225
8320,9.911589,0.281826,4.231070,5.388391,5.708416,8.128989,0.7918475
8330,9.910946,0.282204,3.808333,4.890934,5.934830,8.149462,0.785766
8340,9.911112,0.278875,5.192270,4.809123,6.313559,8.521242,0.78416
8350,9.911378,0.285559,5.115561,5.181502,5.145698,7.943251,0.781941
8360,9.911506,0.285433,5.073479,4.932134,5.416309,8.027050,0.7821303
8370,9.910240,0.283924,5.174127,3.750612,6.561438,7.915270,0.7821718
8380,9.909426,0.284112,4.767346,4.400823,5.789476,7.665015,0.7759495
8390,9.914093,0.288852,5.542141,4.716894,4.560869,8.133539,0.7772756
8400,9.910921,0.283736,4.322863,4.716773,5.175549,7.979378,0.7791628
8410,9.912862,0.287214,4.756789,4.738564,5.435623,8.141527,0.7759558
8420,9.911011,0.283967,5.150012,4.864315,5.826661,7.839242,0.7787998
8430,9.913006,0.288956,4.683176,4.751000,6.072056,8.079982,0.7765442
8440,9.911621,0.287700,4.769953,4.985458,5.743708,8.152360,0.7678416
8450,9.910179,0.290801,4.329568,4.934841,6.044050,7.999149,0.768624
8460,9.912606,0.287493,4.858138,5.062330,5.844140,8.873980,0.7713112
8470,9.910302,0.289565,4.708617,4.779799,6.043942,8.308844,0.7665014
8480,9.913069,0.282330,4.254823,4.746091,5.453428,8.022668,0.7719229
8490,9.913170,0.288788,4.800225,4.013562,5.491512,8.223688,0.7674246
8500,9.912554,0.285586,4.077845,5.109426,5.918323,7.702318,0.7663618
8510,9.912871,0.285913,4.778219,4.290220,6.420429,8.283671,0.7627922
8520,9.911090,0.285874,4.805922,4.779718,6.091533,8.328855,0.7653666
8530,9.913049,0.290425,5.191771,4.766102,6.424606,8.013744,0.8194193
8540,9.915361,0.289019,4.908504,5.138011,6.992176,8.231726,0.8166637
8550,9.915333,0.291075,5.660036,4.548128,6.704412,8.097945,0.8056572
8560,9.913755,0.291430,4.788442,5.302339,5.522483,8.183723,0.8094129
8570,9.913688,0.287762,5.667763,5.051754,6.185556,8.014419,0.7995034
8580,9.914282,0.292334,5.284417,4.710408,5.634519,8.915250,0.7956604
8590,9.913845,0.292609,5.284624,5.058890,4.968484,8.261746,0.7950584
8600,9.915046,0.289480,4.819342,4.780866,6.117022,8.296056,0.7905627
8610,9.914260,0.287911,4.354633,4.831430,6.476802,8.435333,0.7906384
8620,9.917708,0.291220,4.453303,4.731240,5.738577,9.431696,0.7933791
8630,9.913511,0.297743,4.860652,4.782361,5.894474,8.209216,0.7872097
8640,9.916035,0.290925,4.394285,5.333545,5.551622,8.248845,0.788505
8650,9.914628,0.289501,4.396845,5.066039,6.170543,8.361667,0.7837236
8660,9.915962,0.299066,5.774972,5.172947,5.981911,8.403970,0.7848145
8670,9.915661,0.288809,4.366124,5.340895,5.904976,8.394292,0.7869519
8680,9.916424,0.293005,4.404499,4.850424,6.530201,8.437584,0.783735
8690,9.913861,0.294597,4.390238,5.555048,5.933788,8.379176,0.7829201
8700,9.914126,0.291367,4.997985,5.217807,7.144668,8.111972,0.7834436
8710,9.913509,0.296778,5.337226,4.880474,6.537574,8.513812,0.7825395
8720,9.914271,0.293108,4.362764,4.872712,5.346216,8.696197,0.7805815
8730,9.916693,0.298035,4.367249,4.895742,5.882267,8.371641,0.7775691
8740,9.915950,0.296506,4.998039,5.442997,6.013363,7.744603,0.7758359
8750,9.917139,0.297803,4.424114,5.396431,6.287098,8.441017,0.7756289
8760,9.916028,0.293615,5.418590,5.106748,5.610007,8.464379,0.7746605
8770,9.915113,0.300197,5.311253,4.909766,5.075165,8.416195,0.7796744
8780,9.914989,0.292730,4.551451,5.472495,5.990206,7.758345,0.7486022
8790,9.913679,0.300197,5.415448,5.166765,6.863492,8.469496,0.8241337
8800,9.915736,0.300489,4.938540,5.938969,5.683353,8.461202,0.8241441
8810,9.917855,0.301244,5.376671,5.188671,5.974921,8.728660,0.8192074
8820,9.918910,0.294309,4.141070,4.357150,6.367185,8.831853,0.8125476
8830,9.916569,0.296442,3.975442,4.640699,6.899513,8.707562,0.8078889
8840,9.917424,0.296862,5.415439,4.415046,6.271260,8.629757,0.8056616
8850,9.916649,0.296988,5.456944,5.200166,6.656864,8.722590,0.8024003
8860,9.916772,0.293464,5.041455,5.096153,6.391112,9.302681,0.8049841
8870,9.915307,0.299651,5.445271,4.672552,6.344856,8.692902,0.803063
8880,9.919330,0.300006,4.500747,5.472185,4.434000,8.249203,0.8009188
8890,9.916645,0.296797,3.955925,5.414683,5.692601,8.563883,0.798312
8900,9.916345,0.297077,5.532131,5.458408,5.021928,8.110461,0.7929736
8910,9.919033,0.303428,4.014544,5.454053,5.427665,8.563582,0.7952557
8920,9.918110,0.299670,4.483163,5.508944,5.455732,8.345699,0.797337
8930,9.919762,0.301833,4.418448,5.752397,6.038111,8.740870,0.7906872
8940,9.919992,0.302187,5.043825,5.328048,6.729498,8.728153,0.79162
8950,9.919414,0.297012,4.990458,5.237604,6.106391,8.580879,0.800203
8960,9.915943,0.303339,4.498742,4.496353,5.145376,8.775382,0.7854073
8970,9.919175,0.302526,4.549531,5.273447,6.406089,8.716964,0.786414
8980,9.915322,0.305332,5.460446,5.620381,6.497549,8.441793,0.7889046
8990,9.920237,0.307471,4.712394,5.631154,5.913953,8.830741,0.7842616
9000,9.917377,0.306715,5.546303,4.920171,5.547027,8.983485,0.7812277
9010,9.917587,0.307073,5.074624,5.422445,6.249108,8.760885,0.786425
9020,9.918212,0.302691,5.223429,5.445574,6.518836,8.779642,0.7833356
9030,9.921073,0.303490,5.616880,5.612227,6.482410,8.170385,0.7754965
9040,9.918037,0.305646,5.103046,4.707949,6.497817,8.646217,0.8283687
9050,9.918208,0.304221,4.323766,5.147749,5.949104,8.613826,0.823152
9060,9.920145,0.305920,6.030042,5.907476,5.702551,9.342434,0.816521
9070,9.919471,0.306799,4.310702,4.974201,5.693535,8.611014,0.8085505
9080,9.920360,0.305624,6.003465,5.683979,6.247414,8.523466,0.8067779
9090,9.919541,0.305606,5.209135,5.674426,6.553376,8.372974,0.8043463
9100,9.920312,0.305982,5.619377,4.604760,6.577171,7.982974,0.8024676
9110,9.917610,0.304081,5.228201,5.420534,6.526273,8.589252,0.8028444
9120,9.922068,0.307052,4.797304,5.441434,6.301432,8.774982,0.8033737
9130,9.915550,0.306968,5.218332,5.016070,6.223032,8.823725,0.8015564
9140,9.920487,0.307433,4.455245,5.720966,6.538961,8.064990,0.8009114
9150,9.919984,0.304203,6.067087,5.927557,6.270023,8.464426,0.7986036
9160,9.918517,0.308043,4.752953,5.475681,6.589069,8.938474,0.799415
9170,9.917779,0.309003,5.217619,4.796932,6.603227,8.503623,0.7956057
9180,9.919527,0.312358,6.086429,5.280263,6.646967,8.962674,0.7968939
9190,9.922852,0.305439,5.221467,4.735047,7.150134,8.400163,0.7939433
9200,9.919361,0.316464,5.255999,5.521101,6.293087,8.604483,0.795274
9210,9.920867,0.310196,4.779999,5.014903,5.770760,8.825307,0.7936396
9220,9.921773,0.306403,5.306417,5.296270,5.831874,8.852695,0.7924076
9230,9.922305,0.314096,5.257452,5.772365,5.751998,8.908497,0.7911218
9240,9.920389,0.314851,5.718899,5.500499,6.646132,8.609898,0.7948929
9250,9.920979,0.316512,4.388905,5.290237,6.050854,8.779026,0.789627
9260,9.919434,0.314959,4.919422,5.525428,6.685330,9.396392,0.7898773
9270,9.920736,0.307849,4.361828,5.804328,6.878090,8.859731,0.7925202
9280,9.920499,0.312775,5.657254,5.493474,6.913275,8.724068,0.7886185
9290,9.923601,0.303611,4.431360,5.024528,6.642238,8.785937,0.784049
9300,9.918540,0.309176,4.956287,5.139575,6.165368,8.326134,0.8351843
9310,9.922987,0.316758,6.235828,5.770952,6.625419,8.635323,0.8263814
9320,9.920060,0.314560,5.338535,5.799304,6.088152,8.664179,0.8284297
9330,9.921293,0.313342,4.848165,5.823678,7.192678,8.703434,0.8185385
9340,9.921886,0.316737,5.764798,6.076774,6.456467,9.175298,
9350,9.923542,0.311917,4.427753,5.538982,7.011499,8.564544,
9360,9.922367,0.316549,5.764921,5.798452,5.830529,9.037534,
9370,9.922097,0.316613,4.426390,5.086297,6.611134,8.380177,
9380,9.923155,0.312825,4.942594,5.803687,6.515161,9.161590,
9390,9.924754,0.315779,4.889808,5.357488,6.732428,8.520612,
9400,9.922497,0.311980,5.707534,5.304500,5.837787,8.484547,
9410,9.923189,0.317705,5.713774,5.332545,6.392525,8.447390,
9420,9.922839,0.316173,4.993946,5.650155,6.187525,8.370944,
9430,9.924055,0.315524,3.997260,5.576654,6.080579,8.524125,
9440,9.923859,0.317638,5.855462,5.387989,6.436423,8.543985,
9450,9.924908,0.318103,4.471090,5.618168,7.395793,8.552531,
9460,9.923787,0.317663,4.600050,5.425708,6.496166,8.702437,
9470,9.924964,0.318101,5.798512,5.659578,6.159669,8.529187,
9480,9.925156,0.319527,5.348732,5.373317,6.163293,8.620546,
9490,9.924084,0.320996,5.412966,4.896201,6.489578,8.370790,
9500,9.924377,0.322882,6.283266,5.723601,5.699183,9.149637,
9510,9.925303,0.323075,5.438092,5.887464,6.423904,8.730526,
9520,9.924849,0.327053,6.302301,4.876219,6.216477,8.498522,
9530,9.922642,0.324097,5.374999,5.386022,5.850010,8.479430,
9540,9.924723,0.322590,5.052810,5.683997,6.569553,8.332597,
9550,9.924758,0.326431,5.869854,5.428797,6.193467,8.416233,
9560,9.924415,0.323111,4.976005,5.963278,6.397877,8.387058,
9570,9.925833,0.323240,5.427328,6.137538,5.945906,8.556694,
9580,9.924785,0.322398,5.053921,4.560727,6.612369,9.110013,
9590,9.924695,0.321983,4.501327,5.152226,5.661041,8.732380,
9600,9.925040,0.324663,5.891672,5.179211,6.883598,8.795093,
9610,9.923897,0.326803,5.899712,5.711369,6.229842,8.510608,
9620,9.921700,0.323219,5.081501,4.809970,6.964119,8.918148,
9630,9.924908,0.322860,5.446380,5.899508,6.883601,8.548797,
9640,9.927532,0.322797,5.442769,5.499133,6.579615,8.713007,
9650,9.924356,0.326720,5.008149,5.953139,6.306989,8.805794,
9660,9.924486,0.325041,5.058102,5.085193,7.184838,9.467579,
9670,9.924783,0.327056,5.514744,5.236691,5.963448,8.786679,
9680,9.926342,0.327725,5.502777,5.491990,7.203446,8.660158,
9690,9.925141,0.325188,4.557928,4.482207,6.250512,8.384519,
9700,9.926490,0.324916,5.100299,5.309123,6.378763,8.706685,
9710,9.925707,0.325083,4.522478,5.500018,6.606174,8.742110,