mtu,vanilla,R,RU,RUS,RUSu,RUSuP,RUSuPb
100,0.018874,0.0348126,0.0358608,0.0385872,0.0404744,0.0400548,0.0526378
110,0.018874,0.0387968,0.0396354,0.042991,0.045088,0.0448784,0.0599776
120,0.018874,0.0425714,0.04404,0.0473948,0.0497016,0.0499114,0.0666886
130,0.0197132,0.0459272,0.0471852,0.0515896,0.054525,0.054525,0.0748674
140,0.019923,0.0490724,0.05138,0.0562034,0.0589292,0.0595582,0.0819978
150,0.019923,0.052638,0.0549448,0.0603974,0.0631234,0.0639624,0.0880794
160,0.019923,0.0562028,0.058719,0.065011,0.0687858,0.0683666,0.0962576
170,0.019923,0.0601878,0.0627042,0.0689954,0.0733992,0.0733992,0.1025488
180,0.019923,0.0637524,0.0660594,0.073399,0.0780134,0.0780128,0.1109382
190,0.020971,0.0675276,0.0700444,0.0780132,0.0822068,0.0822074,0.1180676
200,0.020971,0.0710924,0.0738188,0.0826268,0.08766,0.0878694,0.1256176
210,0.020971,0.0746578,0.0780136,0.0861918,0.0910152,0.092064,0.132119
220,0.020971,0.0786422,0.0811586,0.0908056,0.096468,0.0954196,0.1402984
230,0.020971,0.0815784,0.0851436,0.094371,0.1019206,0.1006616,0.1467992
240,0.02202,0.0857728,0.0893378,0.099194,0.1063242,0.1063244,0.1547684
250,0.02202,0.088289,0.0926928,0.1029692,0.1113576,0.110519,0.162318
260,0.02202,0.092273,0.0964682,0.1071632,0.1157618,0.1151326,0.1677708
270,0.02202,0.0960488,0.100662,0.111567,0.1201644,0.1201654,0.1711262
280,0.02202,0.0996134,0.1046466,0.1161812,0.1254084,0.1243598,0.1826602
290,0.02202,0.103179,0.1071632,0.1207948,0.1287634,0.1293932,0.1904194
300,0.023068,0.107373,0.1115668,0.1254086,0.1342162,0.1348456,0.1977584
310,0.023068,0.1090506,0.116181,0.1285542,0.1390396,0.1371514,0.2069872
320,0.023068,0.1140838,0.1182782,0.1329582,0.1440732,0.142605,0.212649
330,0.023068,0.1176482,0.122682,0.1388304,0.1480578,0.1480572,0.2187308
340,0.023068,0.120585,0.127296,0.142815,0.1507836,0.1535102,0.2237638
350,0.024117,0.1237308,0.1302318,0.1459606,0.1566558,0.1564462,0.2344592
360,0.024117,0.1272956,0.1350552,0.1501546,0.16085,0.1618986,0.2434772
370,0.024117,0.1319096,0.1379912,0.15351,0.1669318,0.1646248,0.2457836
380,0.024117,0.1348454,0.142815,0.1598014,0.172174,0.170286,0.2539628
390,0.024117,0.1390394,0.1451216,0.1648346,0.1757398,0.17553,0.2654952
400,0.0243268,0.141766,0.148477,0.1688184,0.1799336,0.180563,0.2705264
410,0.025165,0.1453314,0.1520418,0.1719648,0.1832894,0.1839188,0.2761926
420,0.025165,0.1482676,0.1560268,0.1778368,0.1895806,0.1885324,0.2860472
430,0.025165,0.1526712,0.1614792,0.1809826,0.1933554,0.195243,0.292131
440,0.025165,0.158543,0.1637858,0.1839186,0.1994374,0.1992276,0.300098
450,0.025165,0.159382,0.169029,0.188742,0.2044698,0.201954,0.3080666
460,0.0260042,0.1642054,0.1713356,0.1923072,0.2061482,0.2074064,0.3147796
470,0.026214,0.1663028,0.1744814,0.1956628,0.2130664,0.2124396,0.321071
480,0.026214,0.1709162,0.1799342,0.201325,0.2172626,0.2174722,0.3275724
490,0.026214,0.1725942,0.1832894,0.2055192,0.221038,0.2237642,0.3344928
500,0.026214,0.1761586,0.1851768,0.2124396,0.2250226,0.2269098,0.3372188
510,0.026214,0.1805632,0.1906292,0.2147464,0.231733,0.2329912,0.3474952
520,0.027263,0.1811922,0.1950332,0.218941,0.235927,0.237605,0.3563022
530,0.027263,0.1849672,0.1983888,0.2246028,0.2417992,0.2409604,0.3611264
540,0.027263,0.1939848,0.2017436,0.2241836,0.2403312,0.2462036,0.3707734
550,0.027263,0.1944044,0.206358,0.2298456,0.2453646,0.248087,0.3760156
560,0.027263,0.196082,0.2103426,0.2363468,0.2554306,0.2541722,0.3841948
570,0.0281014,0.201115,0.2103426,0.2386536,0.2589962,0.2592038,0.3921638
580,0.028311,0.2065668,0.2170534,0.2441064,0.2638194,0.2627708,0.3976166
590,0.028311,0.209294,0.2183116,0.2472518,0.2661264,0.269691,0.4024376
600,0.028311,0.2120202,0.2235544,0.2516558,0.2728368,0.2724176,0.4089396
610,0.028311,0.216424,0.226071,0.2558502,0.2782886,0.2784992,0.421733
620,0.028311,0.2204088,0.2325716,0.261932,0.2797576,0.2805964,0.4252988
630,0.02936,0.2237634,0.2346692,0.2673844,0.28542,0.2875172,0.435575
640,0.02936,0.2248128,0.2352982,0.2726274,0.288146,0.2908694,0.4420736
650,0.02936,0.2308944,0.2424282,0.273886,0.2931794,0.2944364,0.4416562
660,0.02936,0.2332004,0.2455742,0.278499,0.3003098,0.2998904,0.449206
670,0.02936,0.2359268,0.2483006,0.2814354,0.3049234,0.3045038,0.4561266
680,0.030408,0.2384436,0.2537516,0.2870938,0.3068106,0.3097464,0.467661
690,0.030408,0.2434768,0.2575274,0.2912908,0.3122632,0.3139412,0.472694
700,0.030408,0.2453644,0.2617224,0.2940178,0.317506,0.3196032,0.4823404
710,0.030408,0.2483006,0.2654968,0.2963248,0.3235876,0.3221198,0.4924072
720,0.030408,0.2550112,0.269272,0.304294,0.3275724,0.3290404,0.4980694
730,0.030408,0.259625,0.2719974,0.3068104,0.330928,0.3338636,0.498489
740,0.031457,0.2621418,0.2774496,0.3126826,0.3338638,0.3384774,0.5005846
750,0.031457,0.2663354,0.2803864,0.318764,0.3403636,0.3416228,0.513375
760,0.031457,0.2694818,0.281645,0.3179252,0.3426718,0.346237,0.5205088
770,0.031457,0.271998,0.286468,0.3235878,0.3493824,0.3468654,0.5242836
780,0.031457,0.2768218,0.2915018,0.3307168,0.3571422,0.3539962,0.5374926
790,0.0318766,0.2799674,0.2938086,0.3340732,0.360707,0.3602874,0.5400118
800,0.032505,0.2826938,0.2982122,0.3382664,0.3665788,0.3651064,0.5538536
810,0.032505,0.2850004,0.3026158,0.3447682,0.3720302,0.370354,0.5609832
820,0.032505,0.2896138,0.3013582,0.3451884,0.371612,0.3739166,0.5687428
830,0.032505,0.2940182,0.3089068,0.3508498,0.3755966,0.3789522,0.5603542
840,0.0327148,0.2956958,0.3145704,0.354835,0.3823076,0.3766454,0.5815338
850,0.033554,0.2996804,0.315824,0.3604976,0.3885988,0.3873406,0.5857298
860,0.033554,0.3038722,0.3183446,0.3636422,0.3925832,0.3919546,0.597054
870,0.033554,0.3055522,0.323587,0.3678374,0.3936318,0.3976156,0.5972638
880,0.033554,0.3128914,0.3269408,0.3716116,0.4026488,0.400762,0.6022968
890,0.033554,0.3166672,0.3315566,0.3793716,0.4047464,0.4093604,0.6148738
900,0.0341834,0.3179252,0.3376384,0.3802086,0.4099898,0.410828,0.6215904
910,0.034603,0.3217002,0.338058,0.3823046,0.4139706,0.4127156,0.624317
920,0.034603,0.3252656,0.3405746,0.390276,0.4135548,0.4202658,0.6322858
930,0.034603,0.3305082,0.3456078,0.3902762,0.4257178,0.423411,0.6398354
940,0.034603,0.3313466,0.3510596,0.3990844,0.4317994,0.427396,0.646127
950,0.034603,0.3365898,0.3523174,0.3969874,0.4303306,0.430961,0.6570306
960,0.0354414,0.335961,0.3569324,0.4099878,0.4349456,0.4391394,0.6643664
970,0.035651,0.3447686,0.3621748,0.4093588,0.445641,0.4374622,0.6740188
980,0.035651,0.3477046,0.3684664,0.4167002,0.4483672,0.449206,0.6830348
990,0.035651,0.3514798,0.3653188,0.4122968,0.451303,0.456546,0.6794716
1000,0.035651,0.3558838,0.3739188,0.42446,0.4554974,0.4525616,0.6979262
1010,0.0358608,0.351899,0.3730798,0.4271864,0.4638854,0.4628374,0.69457
1020,0.0367,0.3617556,0.3810496,0.4282348,0.4693382,0.4655602,0.707573
1030,0.0367,0.3623846,0.3829358,0.4355746,0.4733216,0.4693378,0.7172198
1040,0.0367,0.3686762,0.390274,0.441866,0.4800332,0.4754198,0.7249792
1050,0.0367,0.374128,0.3919542,0.4479476,0.4783554,0.4827602,0.7226726
1060,0.0367,0.3770648,0.3963578,0.4448004,0.4856962,0.4848558,0.7266568
1070,0.037748,0.3779032,0.3984554,0.4525616,0.4867448,0.4886324,0.7425952
1080,0.0375384,0.3806296,0.4051662,0.4578044,0.4957626,0.4955526,0.7480358
1090,0.037748,0.382727,0.4066338,0.45969,0.4997474,0.5018436,0.7574848
1100,0.037748,0.3902766,0.4051664,0.466193,0.5016344,0.4976498,0.7614642
1110,0.037748,0.393003,0.4131356,0.4657732,0.5033122,0.5056172,0.774891
1120,0.0379578,0.3967774,0.4204756,0.47542,0.505409,0.5064558,0.7853768
1130,0.038797,0.4020208,0.421524,0.4781438,0.5127492,0.516943,0.787893
1140,0.038797,0.4011816,0.4250868,0.4810828,0.5207168,0.520299,0.7803436
1150,0.038797,0.4018106,0.4269764,0.4873738,0.532882,0.5280578,0.7929254
1160,0.038797,0.4122936,0.4366232,0.4825506,0.5261682,0.5303634,0.8065574
1170,0.038797,0.4083114,0.4309586,0.492407,0.5337156,0.5330914,0.8182904
1180,0.0394264,0.4133454,0.4334766,0.4991178,0.53414,0.5412702,0.809284
1190,0.039845,0.418169,0.4433338,0.5045706,0.5416896,0.5435772,0.8222862
1200,0.039845,0.4223624,0.4466894,0.5093926,0.5484004,0.5452548,0.8398984
1210,0.039845,0.4297024,0.4510934,0.5156784,0.5536436,0.5492392,0.846194
1220,0.039845,0.4263442,0.4506738,0.5123296,0.5567878,0.557417,0.8518558
1230,0.039845,0.4322194,0.4571754,0.5230254,0.562447,0.5565794,0.8562598
1240,0.0404744,0.4368316,0.4649342,0.5305748,0.5643384,0.5687416,0.861293
1250,0.040894,0.4418654,0.4615778,0.5303652,0.5697908,0.5702104,0.8755498
1260,0.040894,0.44648,0.4708068,0.5326722,0.5758726,0.5767118,0.8843608
1270,0.040894,0.4460588,0.4695464,0.536447,0.581113,0.5823736,0.8854002
1280,0.040894,0.4504642,0.4756292,0.546929,0.5853104,0.5834222,0.896315
1290,0.0411038,0.4529808,0.481712,0.5473518,0.5918114,0.5913878,0.897154
1300,0.041943,0.459692,0.4831796,0.5465124,0.59999,0.594321,0.904074
1310,0.0419422,0.4626276,0.4869544,0.551965,0.6006184,0.6006192,0.914351
1320,0.041942,0.4666128,0.4890516,0.5578374,0.6060708,0.603765,0.9120446
1330,0.041942,0.4695482,0.4970204,0.5630806,0.6085854,0.6090072,0.925045
1340,0.041942,0.4689192,0.4984854,0.5639142,0.6058622,0.6104756,0.910993
1350,0.0427812,0.478356,0.5049898,0.5702112,0.6085886,0.6113088,0.937415
1360,0.042991,0.4764654,0.5041508,0.5748244,0.6247348,0.6188632,0.9338512
1370,0.042991,0.488213,0.5100232,0.5806964,0.6297684,0.6228488,0.9493612
1380,0.042991,0.4877934,0.5116974,0.5821616,0.6301888,0.6320756,0.9604834
1390,0.042991,0.4892612,0.5175686,0.5918114,0.629769,0.6377386,0.9632024
1400,0.0434106,0.4934556,0.5217668,0.5888752,0.6375286,0.6427708,0.9766318
1410,0.04404,0.5014226,0.5270098,0.5865686,0.6465464,0.6484338,0.9781034
1420,0.04404,0.499745,0.5268002,0.5987322,0.6478048,0.650103,1.000123
1430,0.04404,0.4989082,0.533511,0.6027162,0.636267,0.6511596,0.987749
1440,0.04404,0.5072964,0.534979,0.6111036,0.6494822,0.6593384,1.0089146
1450,0.04404,0.5098134,0.5414748,0.6171856,0.664581,0.6624806,1.0099796
1460,0.045088,0.5146324,0.5454646,0.6203316,0.6677276,0.670243,1.0175226
1470,0.045088,0.5196674,0.5521754,0.6148768,0.655564,0.6733872,1.0257056
1480,0.045088,0.5242826,0.5494448,0.626831,0.6788424,0.6761156,1.0252682
1490,0.045088,0.5255408,0.5521754,0.629555,0.679467,0.672968,1.0366118
1500,0.045088,0.5303652,0.5528046,0.6324958,0.6874406,0.6821978,1.0353564
1510,0.045088,0.5253326,0.5624512,0.6362682,0.6949852,0.6861822,1.0506644
1520,0.0459272,0.5381246,0.5687432,0.6457074,0.6847142,0.6983448,1.057375
1530,0.046137,0.5366564,0.5664344,0.6505312,0.69352,0.6895372,1.0739424
1540,0.046137,0.5379146,0.5771314,0.652626,0.7010702,0.7017002,1.0705872
1550,0.046137,0.5439966,0.578594,0.6555612,0.7058902,0.7016988,1.0749906
1560,0.046137,0.5479812,0.5750342,0.6616462,0.7107146,0.7000234,1.0865256
1570,0.0465566,0.5544824,0.584472,0.6666786,0.7151226,0.7224596,1.0930172
1580,0.0469756,0.551126,0.5853102,0.6702424,0.7249794,0.7140714,1.0869446
1590,0.0471852,0.5637074,0.5915994,0.668356,0.7226706,0.722454,1.0988976
1600,0.047185,0.5632858,0.5899238,0.6811492,0.7281198,0.7272774,1.1064478
1610,0.047185,0.5679038,0.5999856,0.677584,0.7232884,0.725817,1.1041414
1620,0.047185,0.5672746,0.5995696,0.685131,0.7363044,0.7432236,1.0986816
1630,0.0473948,0.5706296,0.6062814,0.6857628,0.7423832,0.7404984,1.1158796
1640,0.048234,0.574405,0.608378,0.6935222,0.7461562,0.7394464,1.1045568
1650,0.048234,0.580277,0.6035546,0.69499,0.7516116,0.751613,1.1324448
1660,0.048234,0.5750338,0.613198,0.698765,0.749723,0.7469988,1.1290964
1670,0.048234,0.5884558,0.6171864,0.7044254,0.7620988,0.7587376,1.143557
1680,0.0488634,0.5895046,0.622847,0.7048468,0.769019,0.7623084,1.1486006
1690,0.048863,0.5913916,0.626622,0.709038,0.7576926,0.7654536,1.1638988
1700,0.0492824,0.5945376,0.6335386,0.7153324,0.7612574,0.7662918,1.1722978
1710,0.049282,0.6054424,0.6283018,0.7140744,0.7784562,0.7771968,1.1817278
1720,0.049282,0.6006192,0.6415096,0.7239304,0.7832638,0.776149,1.166426
1730,0.049282,0.6085884,0.6385774,0.7264456,0.7866342,0.7845378,1.187607
1740,0.0497016,0.6119426,0.6471754,0.7270748,0.7916542,0.7893616,1.2029148
1750,0.0501212,0.605862,0.6440298,0.7367226,0.7943914,0.7956492,1.2081588
1760,0.0503308,0.6150892,0.650527,0.7425948,0.7987976,0.8004742,1.2159188
1770,0.050331,0.6173956,0.6543054,0.7449006,0.8015256,0.8004742,1.2117238
1780,0.050331,0.620122,0.6545156,0.7455244,0.8097034,0.8099132,1.2203222
1790,0.0511702,0.6218,0.666679,0.751814,0.8145256,0.8128492,1.2261944
1800,0.0507506,0.6272508,0.6620644,0.7646112,0.8109578,0.8109494,1.2438104
1810,0.05138,0.6385774,0.659968,0.762727,0.82648,0.8239638,1.2398226
1820,0.05138,0.6316568,0.6742252,0.7532906,0.8233288,0.8203996,1.2446492
1830,0.0513798,0.6457074,0.6733888,0.7742614,0.8317222,0.8183016,1.254904
1840,0.05138,0.6433996,0.6815686,0.7723712,0.8336108,0.8304632,1.2654102
1850,0.0515896,0.6444492,0.6765348,0.7709062,0.8396918,0.8417894,1.2656148
1860,0.0520088,0.6482244,0.6880694,0.7832796,0.8336088,0.844305,1.2779938
1870,0.052428,0.6603854,0.6889086,0.7776172,0.8468124,0.8484992,1.28806
1880,0.052428,0.6599682,0.6924736,0.7887296,0.8541626,0.852485,1.2737948
1890,0.052428,0.6580746,0.7002332,0.7941844,0.8556306,0.8568876,1.2886888
1900,0.052428,0.6622744,0.7031692,0.788733,0.8539512,0.8572916,1.3088092
1910,0.0528476,0.6725504,0.6989694,0.7952326,0.8642274,0.8621316,1.2880498
1920,0.0532672,0.6681466,0.7023298,0.798588,0.8667454,0.8669548,1.307763
1930,0.053477,0.6759056,0.7117672,0.8071822,0.8663258,0.8788944,1.3159462
1940,0.053477,0.6834518,0.7157508,0.820818,0.8753358,0.8593968,1.3134348
1950,0.0536866,0.6866004,0.722253,0.822697,0.8759716,0.886661,1.323497
1960,0.0541058,0.6830366,0.7253978,0.8174622,0.8904418,0.8885558,1.3429988
1970,0.054525,0.6886978,0.7300064,0.8128488,0.8864498,0.8904418,1.3272754
1980,0.0545252,0.6884862,0.7325238,0.821867,0.9034458,0.8875064,1.346569
1990,0.054525,0.6987644,0.7348354,0.8302492,0.894427,0.9082656,1.3511846
2000,0.054525,0.6966678,0.7407066,0.8430476,0.9023948,0.908265,1.363347
2010,0.054525,0.7058926,0.736931,0.8398986,0.9065868,0.9151894,1.3570482
2020,0.0551544,0.701072,0.751403,0.8474508,0.9172818,0.9133022,1.3796898
2030,0.0553642,0.7088308,0.7415446,0.855836,0.9229488,0.927138,1.3857844
2040,0.055574,0.7157494,0.7532904,0.86276,0.9286104,0.9191742,1.4013012
2050,0.055574,0.7256076,0.7467894,0.8638096,0.9277714,0.9286064,1.3845274
2060,0.055574,0.7109284,0.7600014,0.8644354,0.9210612,0.9283936,1.4159802
2070,0.0557838,0.7241404,0.7713254,0.8654856,0.9403544,0.9443402,1.4212232
2080,0.0562034,0.7329474,0.7688038,0.8730362,0.9489452,0.9474846,1.4373654
2090,0.0566222,0.7241402,0.7679698,0.882051,0.9573418,0.9489532,1.4321146
2100,0.056622,0.7379806,0.7700674,0.8816352,0.9430812,0.956499,1.4346474
2110,0.056622,0.7411226,0.7792946,0.8830974,0.9537764,0.9531356,1.4499586
2120,0.056622,0.7423854,0.7878932,0.8896046,0.9604882,0.9615322,1.4631684
2130,0.0568318,0.7488866,0.7828598,0.8984112,0.9583876,0.9606984,1.4627512
2140,0.057671,0.7493046,0.7918778,0.8935888,0.9648904,0.9671966,1.4193402
2150,0.057671,0.7549682,0.7946028,0.9030208,0.976216,0.9795672,1.4730268
2160,0.057671,0.7518208,0.7952292,0.8979928,0.980617,0.9797786,1.4965142
2170,0.057671,0.7618886,0.795233,0.9120432,0.9843938,0.9913132,1.4881262
2180,0.0578808,0.7665032,0.798165,0.9172818,0.984813,0.9831362,1.511195
2190,0.0587198,0.7677608,0.8113784,0.9202218,0.9948806,0.9904764,1.4906414
2200,0.0587198,0.765453,0.8124298,0.9164474,0.9837652,0.987328,1.515383
2210,0.0587192,0.7683844,0.8191386,0.9332158,0.9999054,1.0080906,1.504066
2220,0.0587192,0.7704872,0.820391,0.9273532,1.0112392,1.004732,1.5195838
2230,0.058719,0.7780338,0.8172532,0.9294498,1.0192016,1.007661,1.5338244
2240,0.0593484,0.7847476,0.8285766,0.942449,1.0059912,1.019417,1.529221
2250,0.0589288,0.780756,0.8210282,0.9388838,1.0124888,1.0166908,1.537829
2260,0.059768,0.786635,0.8375896,0.9430814,1.0345122,1.020046,1.5474758
2270,0.059768,0.7943946,0.8371758,0.938887,1.0271764,1.0294658,1.5546054
2280,0.059768,0.7952336,0.8352888,0.9592142,1.0359792,1.0254972,1.5726358
2290,0.059768,0.8111712,0.8344496,0.9334254,1.0299006,1.0420626,1.5571222
2300,0.0601876,0.8036216,0.8384304,0.9684558,1.0231914,1.0447916,1.5726312
2310,0.0603974,0.7960716,0.8485006,0.969295,1.035355,1.0481466,1.5772342
2320,0.060817,0.811591,0.859603,0.974117,1.0504542,1.0611444,1.6011252
2330,0.0606072,0.812639,0.8577288,0.9713924,1.0527582,1.0506586,1.5921282
2340,0.060817,0.8136876,0.8654874,0.9843922,1.0605204,1.050864,1.60996
2350,0.060817,0.8088644,0.8627592,0.979779,1.0644962,1.0575846,1.6007124
2360,0.061865,0.8071868,0.8671652,0.9879568,1.0781324,1.0737318,1.6120666
2370,0.061865,0.8296262,0.8646446,0.989428,1.066804,1.0869364,1.6242158
2380,0.0616554,0.8189312,0.8730364,0.9867012,1.0816918,1.076458,1.6135258
2390,0.061865,0.836963,0.8820546,1.0076684,1.0884094,1.050443,1.6131156
2400,0.061865,0.8419992,0.8801644,1.0112326,1.0881984,1.0833746,1.6250694
2410,0.0620748,0.8443062,0.8875076,0.9955008,1.0988886,1.0915444,1.6344858
2420,0.0627042,0.843045,0.8893942,1.0028486,1.0936494,1.0963818,1.6474942
2430,0.062914,0.8413658,0.898622,1.015851,1.1024632,1.107458,1.6615536
2440,0.062914,0.8499636,0.8979936,1.0271764,1.0991062,1.1070772,1.6615454
2450,0.062914,0.8610832,0.9002992,1.0219302,1.1064324,1.1110618,1.6634186
2460,0.0631238,0.8570912,0.89946,1.0322096,1.099737,1.1175628,1.6783364
2470,0.0633336,0.858565,0.9120438,1.0332578,1.1165064,1.1158792,1.6405786
2480,0.0639628,0.8652774,0.9028162,1.0347216,1.1236444,1.1064438,1.6758116
2490,0.0637532,0.8711496,0.9068006,1.0414268,1.1257416,1.1284588,1.6875576
2500,0.0639622,0.8747116,0.9206418,1.0431066,1.1215468,1.1251126,1.6942602
2510,0.0641718,0.8629664,0.9206296,1.0250794,1.1423038,1.1336888,1.705809
2520,0.0641718,0.8822562,0.922109,1.0517042,1.1360184,1.1362274,1.6938544
2530,0.0645914,0.8751342,0.9302888,1.049404,1.1385302,1.1529926,1.7064374
2540,0.065011,0.88562,0.9304982,1.0546442,1.1494388,1.1464946,1.7248776
2550,0.065011,0.8900146,0.9428694,1.0615672,1.1550938,1.1387338,1.720054
2560,0.065011,0.8984124,0.9437096,1.0603072,1.1513214,1.1567792,1.718175
2570,0.0656404,0.8977824,0.944339,1.0682776,1.1664214,1.1586582,1.7301164
2580,0.06585,0.8956838,0.9464376,1.081906,1.1578284,1.1737656,1.7311816
2590,0.0658498,0.9074298,0.9420302,1.0865044,1.1695656,1.169357,1.7529944
2600,0.0660596,0.9046944,0.9520988,1.0953252,1.1704064,1.1695716,1.7422988
2610,0.0660592,0.9133014,0.960901,1.0867216,1.1718784,1.1733458,1.7624236
2620,0.066059,0.9168662,0.9720198,1.0953328,1.1869692,1.18551,1.7752164
2630,0.0668982,0.912043,0.9646816,1.078971,1.1892812,1.189277,1.7819346
2640,0.067108,0.9080574,0.973482,1.099087,1.1984996,1.187604,1.7938392
2650,0.0668982,0.9290312,0.979152,1.0942846,1.1928504,1.2180144,1.7850762
2660,0.067108,0.9269294,0.981878,1.1121064,1.1968344,1.2098354,1.7802572
2670,0.0668982,0.9302884,0.9766282,1.1146224,1.2020648,1.2100422,1.80773
2680,0.0673178,0.9317534,0.9839766,1.1194496,1.214867,1.2035446,1.8075132
2690,0.0675276,0.9286094,0.995299,1.1144044,1.2173766,1.2056422,1.8293318
2700,0.0679472,0.9430802,0.9982344,1.1230152,1.2163378,1.2150664,1.8138128
2710,0.068157,0.9445486,0.9961382,1.126367,1.2196932,1.2215806,1.8383476
2720,0.0679472,0.9512526,0.9969772,1.138114,1.2343708,1.215289,1.8351628
2730,0.068157,0.9508384,1.0051532,1.1364342,1.2362596,1.2339538,1.817772
2740,0.0683664,0.9537738,1.0028432,1.1337102,1.2326828,1.2391966,1.839381
2750,0.0687858,0.952935,1.0057758,1.1317996,1.2318554,1.2396104,1.8574166
2760,0.0689954,0.9646812,1.0084952,1.1536338,1.2379374,1.2400236,1.8699768
2770,0.069205,0.9629912,1.0215134,1.1565644,1.2341588,1.2545058,1.8496574
2780,0.069205,0.965728,1.0250792,1.1670544,1.236679,1.245067,1.8991624
2790,0.069205,0.967827,1.0238174,1.165587,1.25785,1.2587,1.896858
2800,0.0696246,0.973904,1.0124962,1.1691536,1.260797,1.2668742,1.9058754
2810,0.0700442,0.9688754,1.0254974,1.1710404,1.264554,1.2685472,1.8798666
2820,0.0700442,0.9793498,1.0286442,1.1836228,1.2593272,1.27862,1.921549
2830,0.070254,0.990894,1.0254984,1.1792186,1.281978,1.2849152,1.9352352
2840,0.070254,0.9831344,1.043324,1.1823594,1.2809248,1.2763108,1.9498796
2850,0.0704638,0.9806194,1.0355448,1.1834126,1.2916236,1.288472,1.9230586
2860,0.0710928,0.9988648,1.060938,1.1894846,1.2897342,1.2849142,1.9526384
2870,0.071093,1.0007484,1.051081,1.1949394,1.2947646,1.3094506,1.9274706
2880,0.0713024,0.9936224,1.0632454,1.1972312,1.30253,1.2941418,1.9647802
2890,0.071302,1.0038982,1.055907,1.2052152,1.295171,1.298334,1.9335466
2900,0.071302,1.0070428,1.0596808,1.2121392,1.3077736,1.304204,1.9476062
2910,0.0715118,1.0066244,1.0668122,1.2161266,1.318678,1.30924,1.927201
2920,0.0717216,1.0162704,1.0707968,1.2201118,1.322447,1.2987552,1.9788346
2930,0.0719314,1.0141742,1.0751984,1.215498,1.3195168,1.319306,1.9675312
2940,0.0721412,1.025914,1.0743582,1.2331146,1.3262278,1.3190956,1.9872426
2950,0.0721412,1.0154318,1.0825328,1.232484,1.3207748,1.3226558,1.9968912
2960,0.072351,1.0257082,1.0800242,1.2297586,1.3159516,1.3205356,1.9997984
2970,0.0727706,1.0231876,1.0812824,1.2372806,1.3289488,1.337129,2.0348426
2980,0.0727704,1.041227,1.0856862,1.2480044,1.3404748,1.3528598,2.0212002
2990,0.0731898,1.040388,1.0936546,1.2385674,1.3320998,1.3513888,2.0067294
3000,0.0733992,1.0401784,1.103512,1.2519814,1.357676,1.349506,2.0243576
3010,0.0733992,1.0437438,1.112318,1.2477906,1.3312606,1.3509648,2.0176418
3020,0.0740284,1.0441592,1.0915498,1.2645674,1.3576842,1.3499242,2.0549814
3030,0.0736088,1.0594694,1.102044,1.259315,1.3656488,1.3553778,2.0688222
3040,0.0740284,1.0405972,1.1152558,1.2496822,1.3765556,1.3604088,2.0554014
3050,0.0742384,1.0651346,1.1200788,1.2693904,1.3614442,1.3578746,2.071916
3060,0.074448,1.0672294,1.1236444,1.2811258,1.3790612,1.3687952,2.0776326
3070,0.074448,1.0649224,1.116095,1.278203,1.3842996,1.371721,2.0866048
3080,0.0746578,1.0678566,1.1269996,1.286591,1.3824306,1.3796838,2.0669302
3090,0.0748676,1.0586238,1.1330792,1.2832094,1.3903804,1.366912,2.10335
3100,0.0754966,1.0749896,1.1353884,1.277993,1.3876736,1.3897668,2.110765
3110,0.0754964,1.0831662,1.1372696,1.2911952,1.4073836,1.3998302,2.1086616
3120,0.0754964,1.0802338,1.1447986,1.2947606,1.3872544,1.3861988,2.0973226
3130,0.0754962,1.089672,1.1441964,1.3025302,1.4013048,1.4161914,2.1296248
3140,0.0759156,1.0821212,1.1511176,1.299795,1.4199688,1.403601,2.1468264
3150,0.0763352,1.0963816,1.146713,1.314903,1.4182782,1.4268752,2.1155736
3160,0.0763352,1.0903002,1.1584502,1.3174082,1.4296148,1.413243,2.1283632
3170,0.0763352,1.1049798,1.1641138,1.3190722,1.4239544,1.4312902,2.1413654
3180,0.0767548,1.1060262,1.1756528,1.3226596,1.4350584,1.4080166,2.1550152
3190,0.076545,1.0963718,1.1693516,1.3270568,1.440941,1.4247904,2.145965
3200,0.0769646,1.111481,1.1775408,1.3144788,1.4478466,1.4325362,2.153937
3210,0.077594,1.1089638,1.1750036,1.3335336,1.4499528,1.4421614,2.1524986
3220,0.077594,1.1076992,1.176072,1.3260108,1.4436668,1.4564452,2.1591798
3230,0.0773842,1.1060284,1.1811024,1.3434222,1.4562498,1.4600152,2.1742882
3240,0.077594,1.1230106,1.1936662,1.3404874,1.4629608,1.4426192,2.151869
3250,0.0778036,1.1307668,1.187396,1.3587308,1.4386144,1.4575084,2.1696948
3260,0.078433,1.1244834,1.1955688,1.3471886,1.442408,1.4690368,2.1570976
3270,0.0786424,1.13413,1.1833966,1.3534842,1.4751182,1.4686062,2.2090844
3280,0.0786422,1.138954,1.206261,1.3633346,1.4715588,1.4679944,2.2193764
3290,0.0786422,1.1420972,1.1941076,1.3438404,1.4763834,1.472183,2.208051
3300,0.0788518,1.1385314,1.215285,1.3604094,1.4872682,1.4784788,2.2303026
3310,0.0792714,1.1324522,1.2033278,1.36838,1.4958542,1.4719782,2.2134992
3320,0.0794812,1.1490198,1.2104656,1.3687942,1.4948372,1.4696712,2.2061852
3330,0.0794812,1.147342,1.2163182,1.3784346,1.4826686,1.4962992,2.2034406
3340,0.079691,1.1553036,1.2165434,1.380122,1.4927402,1.5013062,2.2374324
3350,0.079691,1.1601342,1.217166,1.382011,1.5013382,1.5078396,2.218131
3360,0.0803204,1.1662132,1.2291266,1.3849472,1.509295,1.5181156,2.2625978
3370,0.0801106,1.1725072,1.2310188,1.3882992,1.5183144,1.5179054,2.2728464
3380,0.08053,1.1517458,1.234573,1.3904014,1.5231356,1.5011258,2.2814724
3390,0.0805298,1.1701996,1.233954,1.399622,1.525244,1.5009186,2.2831414
3400,0.0807392,1.1794174,1.2391968,1.4046604,1.519164,1.5235668,2.2726648
3410,0.0809488,1.1915872,1.259948,1.4155656,1.5191636,1.5309024,2.2636246
3420,0.0813684,1.1829838,1.253038,1.42122,1.5181152,1.5277586,2.287554
3430,0.0813684,1.1886552,1.249473,1.401088,1.537409,1.5181002,2.273711
3440,0.0815782,1.1949466,1.2536666,1.4256296,1.5485216,1.5300682,2.315237
3450,0.081788,1.1962048,1.250518,1.4369458,1.5407604,1.5522884,2.2959428
3460,0.081788,1.195995,1.2658286,1.4325506,1.5537432,1.5501988,2.2955232
3470,0.0819978,1.1983024,1.2695926,1.4428094,1.560477,1.559214,2.3477164
3480,0.081788,1.1987106,1.2662332,1.4342206,1.5214532,1.5564568,2.3097766
3490,0.0824174,1.205223,1.274848,1.4394736,1.5358914,1.5466346,2.3278188
3500,0.082627,1.209837,1.2832348,1.4514108,1.5692852,1.5801906,2.3485808
3510,0.0828364,1.2199028,1.2859622,1.445974,1.5690648,1.5814486,2.3404018
3520,0.083046,1.2245164,1.28385,1.4669424,1.579103,1.5636234,2.3498008
3530,0.0834656,1.2085784,1.2834344,1.4606536,1.5841704,1.5858526,2.3500042
3540,0.083885,1.2293292,1.2979164,1.4577016,1.5906758,1.5753674,2.3580126
3550,0.0834654,1.224096,1.3014814,1.4801448,1.590676,1.591513,2.3555008
3560,0.0834656,1.2249334,1.2933024,1.483303,1.598013,1.5818542,2.3724876
3570,0.083885,1.230377,1.309031,1.4793104,1.5923484,1.6076628,2.3877788
3580,0.0843046,1.2459074,1.2981252,1.4646314,1.5925626,1.6022092,2.404784
3590,0.0847242,1.2299674,1.3113378,1.4942034,1.6160516,1.6093402,2.3787792
3600,0.0843046,1.251776,1.323279,1.5049014,1.6118154,1.592756,2.420253
3610,0.0845144,1.2545084,1.3241306,1.4860292,1.6221238,1.6290538,2.3968142
3620,0.084934,1.2561796,1.3188874,1.4824596,1.6277958,1.6158226,2.4252946
3630,0.0849338,1.251989,1.3291608,1.5162264,1.6200356,1.6313606,2.4209322
3640,0.0851436,1.2549248,1.3241302,1.5218908,1.6271588,1.6189878,2.4290914
3650,0.0853536,1.2735858,1.3344012,1.5135024,1.6493956,1.6432978,2.398896
3660,0.0855632,1.256381,1.3344018,1.5059446,1.6078602,1.6170958,2.3997506
3670,0.0859824,1.260797,1.3392298,1.5063714,1.6273404,1.6351284,2.3672296
3680,0.0859824,1.2635238,1.3195164,1.5071602,1.6355462,1.6269564,2.4108624
3690,0.0857724,1.2545056,1.3453108,1.5183248,1.6493952,1.6447604,2.40288
3700,0.0861918,1.270653,1.3476072,1.516647,1.6168866,1.641427,2.3854904
3710,0.0866114,1.260586,1.3488602,1.5332148,1.645621,1.6491862,2.405413
3720,0.0868212,1.272952,1.3438438,1.5394994,1.667617,1.654845,2.4244838
3730,0.0866116,1.2868022,1.3576858,1.530907,1.6657532,1.6340864,2.416682
3740,0.0868212,1.2907818,1.359572,1.543488,1.661559,1.6475026,2.4290906
3750,0.0876604,1.2945608,1.3643916,1.546422,1.6567038,1.6519036,2.4234284
3760,0.0874506,1.2901554,1.3671086,1.5300692,1.6639678,1.6797778,2.4599376
3770,0.0876604,1.298752,1.3669122,1.5449522,1.6772784,1.6787394,2.4423218
3780,0.0880796,1.3081636,1.356842,1.5516686,1.684626,1.6877682,2.4597134
3790,0.0880792,1.2974954,1.3828498,1.561315,1.682098,1.6800058,2.4351574
3800,0.0878696,1.3000138,1.3738328,1.5635964,1.6816792,1.6862764,2.4620322
3810,0.088079,1.3113348,1.3786548,1.5560578,1.707898,1.6659638,2.4848942
3820,0.0884988,1.3098646,1.3673048,1.548104,1.6877674,1.6858816,2.501441
3830,0.0889182,1.2911994,1.385366,1.585224,1.6959174,1.6913226,2.4995484
3840,0.089128,1.3157262,1.3813682,1.5722214,1.7060112,1.6806434,2.5232696
3850,0.089128,1.3132246,1.3983694,1.559219,1.7215372,1.7043404,2.519474
3860,0.0893378,1.340278,1.404439,1.5818646,1.7106322,1.7089494,2.4930628
3870,0.0893378,1.3063048,1.4040316,1.57998,1.7020338,1.725932,2.5364842
3880,0.0895476,1.333777,1.4101116,1.6030498,1.7131338,1.733701,2.540388
3890,0.0899672,1.3316798,1.4180822,1.5931552,1.7143918,1.7276198,2.5305966
3900,0.0901766,1.339649,1.4134566,1.5988552,1.7315726,1.7227818,2.5157222
3910,0.0901764,1.335659,1.4182734,1.6059712,1.730756,1.7330402,2.525159
3920,0.0903854,1.3354232,1.4237444,1.6181402,1.7439454,1.718182,2.5584734
3930,0.0908054,1.3467556,1.4187078,1.611225,1.7491898,1.7519322,2.498896
3940,0.0908056,1.3377612,1.4321324,1.622336,1.738937,1.7374666,2.5568208
3950,0.0910152,1.3274858,1.419747,1.6189822,1.755511,1.7334896,2.5508932
3960,0.0912252,1.3572648,1.4321328,1.607019,1.756978,1.7683034,2.5807248
3970,0.091225,1.3673298,1.4388336,1.6179144,1.7701658,1.7618,2.574119
3980,0.0914348,1.346778,1.443457,1.6353382,1.7399924,1.7261482,2.526621
3990,0.0918544,1.3557738,1.450378,1.6424768,1.7802412,1.7710294,2.5853344
4000,0.0918544,1.351598,1.4535154,1.6483438,1.776892,1.7773122,2.5868042
4010,0.0922736,1.3690094,1.454573,1.650216,1.775849,1.783401,2.6096514
4020,0.0922736,1.3885112,1.457089,1.6525378,1.7871676,1.7704006,2.5536684
4030,0.0924836,1.3402718,1.467364,1.6561066,1.7712392,1.7888536,2.6157478
4040,0.0922732,1.366699,1.4562504,1.634716,1.797862,1.7911616,2.603527
4050,0.092693,1.3836904,1.4736548,1.652332,1.8045768,1.7865332,2.6123658
4060,0.0931126,1.3744616,1.472398,1.6659428,1.788219,1.8074992,2.6214058
4070,0.0931122,1.3845112,1.4702854,1.6517032,1.807263,1.8201026,2.673173
4080,0.093322,1.3935238,1.472398,1.6793774,1.8144088,1.8077144,2.6497
4090,0.093322,1.3968974,1.4801566,1.6745576,1.8127376,1.8278376,2.6314842
4100,0.0935318,1.4140858,1.47533,1.6812724,1.7953566,1.821991,2.673137
4110,0.094371,1.3983686,1.488115,1.6837872,1.8225956,1.8198812,2.6321124
4120,0.094371,1.405709,1.4866604,1.6818964,1.8186212,1.826177,2.6710774
4130,0.094371,1.4126272,1.468614,1.6860962,1.8167472,1.8433778,2.671721
4140,0.094371,1.4031804,1.5048994,1.7024374,1.8347614,1.8334866,2.6851734
4150,0.0945808,1.4220664,1.4879034,1.7131436,1.8505088,1.8402136,2.7130392
4160,0.0945808,1.429391,1.5135014,1.6994866,1.8291104,1.8374884,2.6662772
4170,0.0952098,1.4302406,1.4856084,1.7114714,1.8213262,1.8559636,2.678637
4180,0.09521,1.4333868,1.519792,1.7063916,1.844638,1.8676692,2.6794948
4190,0.0954192,1.421433,1.5132778,1.7154484,1.8494408,1.8559612,2.7148714
4200,0.0958386,1.4409406,1.52398,1.7173336,1.8693792,1.8519794,2.7056696
4210,0.0958386,1.4256282,1.5309078,1.7318118,1.8603672,1.8483886,2.7807558
4220,0.0960484,1.4516214,1.536569,1.7418764,1.8727198,1.8595114,2.7278574
4230,0.0962582,1.4350648,1.5302786,1.736636,1.8798714,1.8901298,2.7671468
4240,0.0966776,1.4426178,1.512842,1.7330662,1.8653844,1.8840632,2.7851998
4250,0.0966778,1.4493282,1.5250356,1.7328546,1.8865714,1.886158,2.751595
4260,0.0970974,1.4350656,1.5292256,1.7519286,1.8779618,1.893061,2.7528884
4270,0.0973072,1.4606524,1.5361506,1.7510984,1.896422,1.8913986,2.7627602
4280,0.0973072,1.4669408,1.5485134,1.760333,1.8987448,1.9001944,2.777833
4290,0.0970974,1.4373756,1.5533474,1.7454318,1.8987142,1.9004222,2.759753
4300,0.0973066,1.4805766,1.55816,1.759076,1.889098,1.9023002,2.7554244
4310,0.0977262,1.474071,1.5680222,1.743138,1.9136348,1.9035638,2.7962872
4320,0.0981458,1.4591746,1.5575366,1.773111,1.892659,1.9371232,2.7801624
4330,0.0977258,1.47093,1.5644574,1.7636892,1.9142638,1.9132132,2.80113
4340,0.0981456,1.4826738,1.562994,1.782564,1.9085834,1.9306156,2.8476768
4350,0.0981454,1.487078,1.5652966,1.781725,1.9094168,1.924331,2.8264672
4360,0.0987748,1.485592,1.5642462,1.7838122,1.9417364,1.9356546,2.7969098
4370,0.0991944,1.4971324,1.5852212,1.8060402,1.8871906,1.9264268,2.791642
4380,0.0994042,1.502384,1.5774518,1.811714,1.9471882,1.9503344,2.82505
4390,0.0989846,1.4740752,1.5711692,1.791791,1.9587216,1.9387808,2.9179494
4400,0.099194,1.5153868,1.5944528,1.7949154,1.9572386,1.9302038,2.8577648
4410,0.0994042,1.5017578,1.5927738,1.8037442,1.9469626,1.9662738,2.9134908
4420,0.0998232,1.4747048,1.6003154,1.8158992,1.9511712,1.9507496,2.8768298
4430,0.1000328,1.5260858,1.607872,1.8024898,1.9488668,1.9652174,2.9149486
4440,0.1004522,1.5252432,1.5860618,1.830163,1.9570442,1.9649844,2.9288454
4450,0.1002426,1.509938,1.5984362,1.8284894,1.9696234,1.9484454,2.9468624
4460,0.1004522,1.5260674,1.6131154,1.8372854,1.9610116,1.9662678,2.9275996
4470,0.1004522,1.5262882,1.6175146,1.8280626,1.981345,1.9694152,2.9483616
4480,0.1008718,1.5078394,1.5977946,1.8286944,1.9830264,1.9827862,2.947949
4490,0.100662,1.5342632,1.6347002,1.826182,1.9849372,1.994568,2.9435112
4500,0.1012914,1.5288108,1.6315718,1.8421198,2.01681,1.9794832,2.9843852
4510,0.1012914,1.544732,1.6363826,1.8505048,1.9945798,2.0004366,2.9749714
4520,0.1017108,1.5470558,1.6372326,1.8595286,2.0082104,2.0017106,2.9473124
4530,0.1015012,1.5514564,1.637652,1.8563722,2.0258094,2.0214278,2.950442
4540,0.1021306,1.5567024,1.6351166,1.8563798,2.025412,2.015341,2.9294796
4550,0.1025498,1.5625714,1.650858,1.8654008,2.0386254,2.023944,2.981277
4560,0.1025494,1.574319,1.6439444,1.874209,2.012394,2.0015058,2.989427
4570,0.102969,1.5437004,1.6605106,1.866869,2.0247826,2.0291856,2.996996
4580,0.1025492,1.5745284,1.6378618,1.8729482,2.0107324,2.0403016,2.9913522
4590,0.1029692,1.5705438,1.6544266,1.8836386,2.0346378,2.0495274,3.0011974
4600,0.1031788,1.5569126,1.6640734,1.8756774,2.054962,2.0369464,3.040211
4610,0.1035982,1.5426522,1.6668022,1.8905664,2.0312764,2.039043,3.0143384
4620,0.1035982,1.5768334,1.6693134,1.899985,2.0430266,2.042609,3.0335046
4630,0.1035982,1.5675928,1.6724624,1.903129,2.0522364,2.0451208,3.0506896
4640,0.1040176,1.5814482,1.6804314,1.9109016,2.0555668,2.0449124,3.0317994
4650,0.1040178,1.5883542,1.6774984,1.9151028,2.0537248,2.0528762,3.0426762
4660,0.1042278,1.5898368,1.6856676,1.8897156,2.0444956,2.0864346,3.0288586
4670,0.1044374,1.5978002,1.6860962,1.9151024,2.0516044,2.0683594,3.0588852
4680,0.1044372,1.6101794,1.6869308,1.9138374,2.054982,2.0933596,3.043513
4690,0.1048566,1.6055656,1.6917578,1.8970674,2.0713304,2.0663026,3.0825532
4700,0.105066,1.569705,1.7030816,1.9341828,2.0879068,2.0885354,3.0462148
4710,0.1056954,1.5801832,1.699098,1.9102804,2.0870638,2.0912542,3.0634936
4720,0.1054854,1.5885802,1.7087364,1.9465602,2.1055094,2.0801244,3.0028602
4730,0.1054858,1.6143738,1.7120954,1.9356548,2.0828734,2.1015378,3.0697704
4740,0.1054854,1.6087062,1.684409,1.945927,2.1072006,2.1155798,3.090296
4750,0.1056952,1.621504,1.7303452,1.9551568,2.0880802,2.0918798,3.035599
4760,0.105905,1.6334586,1.7251024,1.9440328,2.1122338,2.1063168,3.0783112
4770,0.1061148,1.6093322,1.734534,1.9530568,2.098586,2.1137014,3.0967718
4780,0.1061148,1.6210688,1.7320048,1.955363,2.1134712,2.0921004,3.128888
4790,0.1069536,1.6389102,1.7240516,1.9597664,2.1308988,2.0985772,3.111276
4800,0.106954,1.6309286,1.7330616,1.975499,2.1365364,2.1180926,3.1345708
4810,0.106744,1.6397452,1.734327,1.9706734,2.1421982,2.1254376,3.1376108
4820,0.1071634,1.6384908,1.7372638,1.9834714,2.091051,2.160254,3.141042
4830,0.107373,1.6537888,1.745862,1.9423656,2.1300358,2.1248136,3.137298
4840,0.108002,1.6472846,1.7523486,1.9939478,2.1283768,2.137192,3.1603744
4850,0.1075824,1.6569456,1.7477514,1.9507328,2.128369,2.1430548,3.1056458
4860,0.108002,1.6410066,1.7385242,2.0056942,2.1418028,2.1298492,3.138953
4870,0.108002,1.654847,1.7462834,1.9845038,2.1535426,2.1501902,3.175674
4880,0.1082118,1.6669966,1.7527846,1.980324,2.1692636,2.1507958,3.1777084
4890,0.1084216,1.6707806,1.7527812,1.9972664,2.1436904,2.16256,3.1614296
4900,0.1086312,1.6533804,1.7706098,1.978433,2.1728172,2.1445292,3.1959906
4910,0.108841,1.6665752,1.769338,1.976128,2.1690104,2.1554346,3.1598684
4920,0.109051,1.6628136,1.767663,1.9924654,2.1837254,2.1795266,3.1670894
4930,0.1090508,1.662398,1.7873836,2.0079758,2.1793382,2.171141,3.1746448
4940,0.1094706,1.6663826,1.7697686,2.0166038,2.182067,2.1782744,3.204212
4950,0.1092604,1.685257,1.797427,2.034588,2.1788944,2.1621406,3.1970814
4960,0.1098898,1.662394,1.7664176,2.0386202,2.2042894,2.1933542,3.2154986
4970,0.1096802,1.6745368,1.7724918,2.0314878,2.18773,2.2036428,3.1954758
4980,0.1107284,1.7097932,1.7836124,2.047432,2.1889888,2.2193914,3.2431874
4990,0.1100992,1.6982592,1.8024718,2.034206,2.2032446,2.2013542,3.2188862
5000,0.1105186,1.7032876,1.808566,2.03023,2.1921104,2.206806,3.2454796
5010,0.1107284,1.6806252,1.8008094,2.031695,2.2128788,2.2156222,3.2496768
5020,0.1111482,1.7062268,1.8014336,2.0541344,2.2198092,2.2063848,3.264535
5030,0.1109382,1.7068482,1.8001794,2.0371484,2.2055204,2.2250592,3.245106
5040,0.1115676,1.7074854,1.8196844,2.0641816,2.2477034,2.2342866,3.2341514
5050,0.1115676,1.7018198,1.811504,2.0560266,2.2365822,2.2346828,3.282857
5060,0.1115676,1.7053892,1.8194668,2.0814064,2.2472864,2.2412028,3.2708984
5070,0.1115674,1.7135542,1.830586,2.0533018,2.240752,2.2577746,3.226503
5080,0.1117774,1.7284552,1.8364598,2.073213,2.2346918,2.220863,3.2553354
5090,0.1121968,1.7326522,1.8297246,2.0862074,2.2550488,2.2623866,3.2855258
5100,0.1126158,1.733912,1.8337254,2.0876928,2.2046826,2.2359418,3.2796686
5110,0.1124062,1.7253006,1.8446352,2.0895848,2.2472854,2.2395212,3.2907594
5120,0.1130352,1.7364278,1.8112942,2.1111702,2.2198012,2.261945,3.3103652
5130,0.1130352,1.7523376,1.8249134,2.0988116,2.265109,2.2600808,3.201385
5140,0.113245,1.725312,1.8421138,2.0870552,2.254396,2.2409972,3.3170054
5150,0.1130352,1.7345396,1.8593128,2.1023506,2.2613184,2.2646944,3.3153734
5160,0.1136646,1.7481704,1.849253,2.073429,2.2617598,2.250009,3.2893228
5170,0.1136646,1.7198506,1.8465134,2.0935642,2.262598,2.256085,3.3087774
5180,0.1140842,1.7416592,1.8670784,2.1107656,2.276859,2.2875496,3.3174556
5190,0.1142934,1.764109,1.8712726,2.0954388,2.2768498,2.29028,3.3538386
5200,0.1145032,1.7940818,1.875467,2.1243916,2.288598,2.274933,3.307963
5210,0.114084,1.7412498,1.8733676,2.1254178,2.291956,2.265297,3.3583344
5220,0.1149226,1.7670302,1.8777724,2.123957,2.2814584,2.3129252,3.330225
5230,0.1147128,1.7764798,1.886136,2.146417,2.295293,2.290073,3.3507192
5240,0.114503,1.771864,1.898935,2.1438998,2.2770602,2.298455,3.3374876
5250,0.1151324,1.7722838,1.8626594,2.1401256,2.3345176,2.3219384,3.341879
5260,0.1155518,1.7909516,1.8964382,2.1392818,2.3244632,2.3162524,3.3406788
5270,0.1151322,1.7611736,1.8947612,2.1392738,2.3183664,2.3225364,3.3966408
5280,0.1157616,1.7792096,1.905437,2.123558,2.3235974,2.2802146,3.3656888
5290,0.1159714,1.7747934,1.9079724,2.1269134,2.331793,2.3208982,3.3666192
5300,0.1166,1.7880018,1.8916118,2.1451552,2.3198282,2.3336906,3.395448
5310,0.1159714,1.7967962,1.8997912,2.1583708,2.3439606,2.3240224,3.3847366
5320,0.1163908,1.8148596,1.9163584,2.1619294,2.3227858,2.3359978,3.415809
5330,0.116391,1.7936672,1.8966482,2.158781,2.3248826,2.344986,3.4100828
5340,0.1170204,1.8012152,1.9211802,2.1610966,2.3297046,2.3359908,3.401744
5350,0.11702,1.7907402,1.920757,2.1768064,2.3330402,2.3229954,3.4172478
5360,0.117649,1.8154884,1.9083922,2.1820516,2.32669,2.3357682,3.4347842
5370,0.1174394,1.7869672,1.9268466,2.1822784,2.3575904,2.342051,3.430842
5380,0.117649,1.8003896,1.9247494,2.196517,2.3726446,2.360744,3.4296362
5390,0.1180684,1.832888,1.9226506,2.175346,2.3005508,2.3848546,3.4253428
5400,0.1180686,1.8186318,1.9442256,2.1520788,2.368887,2.3752016,3.4615016
5410,0.1180684,1.8129716,1.9312508,2.1860524,2.3609456,2.3781148,3.4635594
5420,0.118488,1.8377122,1.9454938,2.2022002,2.387152,2.3701764,3.4896334
5430,0.1186976,1.8163274,1.9132112,2.200506,2.3944862,2.3890526,3.4828844
5440,0.1191174,1.8460986,1.9545064,2.2042978,2.3541954,2.3745834,3.4500476
5450,0.1186976,1.8586898,1.9612374,2.2063578,2.3829528,2.3879944,3.495869
5460,0.1193268,1.8416866,1.9444622,2.2321894,2.389684,2.4018482,3.4816122
5470,0.119117,1.8431538,1.95096,2.2137136,2.3885758,2.3901038,3.4843132
5480,0.1195366,1.862241,1.958706,2.20112,2.4047548,2.3926176,3.5157894
5490,0.1193266,1.849672,1.961009,2.226527,2.387586,2.4060418,3.4807844
5500,0.1197458,1.8486062,1.966899,2.2193972,2.4150602,2.4211332,3.4812358
5510,0.1201656,1.855334,1.9832556,2.2315392,2.3972126,2.4072948,3.4964252
5520,0.1199558,1.872531,1.972141,2.2395294,2.3984426,2.4171388,3.4973918
5530,0.1201654,1.8771444,1.9891214,2.2384756,2.4215506,2.3915726,3.4583844
5540,0.1207948,1.8836458,1.9725636,2.1992578,2.4410228,2.4280544,3.4986496
5550,0.1207944,1.876298,1.972555,2.231511,2.4205054,2.4418766,3.492299
5560,0.1207948,1.8456438,1.9899552,2.2587964,2.4269936,2.434128,3.4783928
5570,0.120585,1.8695948,1.9832594,2.2699324,2.4437898,2.4456488,3.5247318
5580,0.1214242,1.8861626,2.0069534,2.292168,2.4525598,2.4710352,3.5294496
5590,0.121424,1.8735752,1.9826118,2.253153,2.4528044,2.4324662,3.513899
5600,0.1220528,1.8540546,1.9914382,2.265744,2.4282668,2.4603066,3.5323302
5610,0.1222626,1.899358,2.0124052,2.2552582,2.4762848,2.435193,3.5433222
5620,0.1220528,1.9113234,2.0111518,2.289231,2.4733598,2.4244974,3.5614672
5630,0.1220528,1.8981022,2.0119492,2.2879322,2.454695,2.4781654,3.5417072
5640,0.1222624,1.9006286,2.0000362,2.2759858,2.4693514,2.4777318,3.5960708
5650,0.1224722,1.9041916,2.0251924,2.2764302,2.490139,2.4769132,3.5928104
5660,0.1224724,1.8547052,2.0159678,2.2996824,2.4488078,2.4829954,3.5617316
5670,0.1231016,1.9037738,2.0438628,2.2848274,2.4815174,2.4718626,3.587305
5680,0.1233114,1.9209684,2.01827,2.2948936,2.4926416,2.501044,3.5640742
5690,0.1233114,1.914893,2.0251978,2.2871284,2.4747954,2.506696,3.5493972
5700,0.1231016,1.9291512,2.0386246,2.3022124,2.4639174,2.4842468,3.5793624
5710,0.1239404,1.9255838,2.030655,2.3097542,2.520519,2.4974254,3.6127268
5720,0.1239406,1.9312506,2.0287514,2.3078966,2.5081566,2.5077208,3.6188868
5730,0.1241502,1.9308112,2.0325422,2.3158654,2.4792204,2.5029274,3.6158568
5740,0.1245694,1.9266212,2.0608536,2.326983,2.4980772,2.4756554,3.6204712
5750,0.124779,1.9249606,2.0375752,2.3445904,2.5144594,2.5127886,3.6257928
5760,0.1243598,1.9113276,2.0520462,2.3384898,2.507304,2.5324984,3.6283356
5770,0.124779,1.9293502,2.050139,2.332636,2.4947174,2.5236528,3.6478862
5780,0.1251986,1.9182454,2.061461,2.354033,2.5348018,2.542138,3.6389462
5790,0.1254084,1.9234824,2.028099,2.3498388,2.5121452,2.5048172,3.6341082
5800,0.125828,1.9530606,2.0811956,2.3276092,2.5205438,2.5088012,3.6256718
5810,0.1256182,1.966032,2.066516,2.3525462,2.546549,2.5198918,3.6510928
5820,0.1258278,1.9446634,2.0711298,2.3720686,2.5478084,2.5165544,3.667826
5830,0.1262476,1.9666924,2.086229,2.3555014,2.5545138,2.5553574,3.6861836
5840,0.1262476,1.9591382,2.07886,2.3831164,2.5486468,2.558283,3.6318318
5850,0.1264574,1.968992,2.0788842,2.3844412,2.5499004,2.5475184,3.6981816
5860,0.1272958,1.9696282,2.0824348,2.3605278,2.5714958,2.559957,3.6888622
5870,0.126667,1.9756946,2.0977582,2.365279,2.5704312,2.5486154,3.7293044
5880,0.1270858,1.9907934,2.112229,2.3634528,2.5366914,2.5689638,3.6685716
5890,0.127296,1.9784158,2.096497,2.3756332,2.5668908,2.5417134,3.6728612
5900,0.1277152,1.9851468,2.096505,2.3762474,2.5769582,2.6017046,3.7280766
5910,0.1275054,1.9908084,2.0979726,2.3900754,2.596825,2.601707,3.7260222
5920,0.127925,1.9748724,2.1065688,2.3898714,2.5622736,2.5895414,3.7367992
5930,0.1277152,1.999192,2.1055128,2.3861144,2.585753,2.552179,3.721587
5940,0.127925,1.9931164,2.12585,2.3909428,2.5897474,2.5956188,3.7158896
5950,0.1281348,1.9956282,2.099441,2.3900786,2.5937086,2.5698152,3.7374998
5960,0.1285544,1.9851306,2.1204094,2.3901046,2.5601686,2.5945386,3.7378976
5970,0.1289736,2.0258212,2.1170472,2.4200904,2.6331428,2.5952004,3.7708522
5980,0.1296026,2.0109376,2.1397062,2.4247004,2.6010644,2.5844754,3.764748
5990,0.1289738,2.0214274,2.1440886,2.4276408,2.6077866,2.629766,3.714483
6000,0.129393,2.0295928,2.159414,2.4242708,2.6132366,2.6010472,3.7084874
6010,0.1296028,2.0423954,2.1451368,2.4362384,2.6119752,2.6413406,3.7302538
6020,0.129812,2.0237312,2.1529144,2.423233,2.6100742,2.61824,3.729689
6030,0.1298122,2.001707,2.1260674,2.419026,2.6367274,2.6350292,3.7196336
6040,0.1293932,2.0392536,2.1480942,2.4463066,2.636883,2.6421704,3.705621
6050,0.1302318,2.0308644,2.1606366,2.4313752,2.63421,2.6295788,3.778933
6060,0.1304416,2.0564484,2.1411724,2.4437674,2.6467746,2.6203462,3.7680716
6070,0.1302318,2.048689,2.1606776,2.4362104,2.6631238,2.6505618,3.7441436
6080,0.1310708,2.0318972,2.1625642,2.4743946,2.6536826,2.662102,3.7726082
6090,0.1306514,2.0373556,2.1619142,2.439386,2.649274,2.656831,3.7383116
6100,0.1312804,2.0503346,2.1736792,2.4513392,2.6581146,2.6474198,3.7769102
6110,0.1312806,2.0451254,2.17199,2.4657796,2.667305,2.6410904,3.7538088
6120,0.1310706,2.0434476,2.1919022,2.4628332,2.679498,2.6421766,3.791828
6130,0.1312804,2.0419692,2.1919238,2.4630786,2.66271,2.6681842,3.780432
6140,0.13149,2.0535138,2.1877128,2.4871746,2.6832716,2.6625092,3.7869702
6150,0.132119,2.049938,2.1923468,2.4798612,2.6805444,2.6692252,3.8102812
6160,0.132119,2.0595946,2.1944156,2.4842096,2.6958612,2.6974834,3.8041876
6170,0.1319094,2.0635798,2.1996774,2.4744062,2.6903804,2.6742434,3.8126234
6180,0.1329582,2.0426088,2.2063934,2.487156,2.683902,2.682839,3.8066872
6190,0.1325386,2.0587336,2.2036622,2.4787822,2.660634,2.7029634,3.834309
6200,0.1329582,2.074276,2.2116312,2.4871448,2.6771874,2.7082388,3.8121626
6210,0.1333778,2.0556036,2.216443,2.4716826,2.7155784,2.6962852,3.7714628
6220,0.133168,2.0258272,2.2265198,2.452602,2.7144896,2.615965,3.8469872
6230,0.1333778,2.099431,2.1944374,2.4917742,2.7163866,2.7121764,3.826145
6240,0.1337974,2.0868578,2.2042778,2.494331,2.7052744,2.7300194,3.8325236
6250,0.1335874,2.0973022,2.2172856,2.5010422,2.7020962,2.730252,3.8292562
6260,0.1337974,2.0971296,2.242009,2.525993,2.7157764,2.7162018,3.8443812
6270,0.1344262,2.0633682,2.2170754,2.5320688,2.7202964,2.6939314,3.8941992
6280,0.134426,2.095247,2.2382526,2.5144552,2.7193244,2.6969026,3.8903314
6290,0.1342166,2.0975452,2.2258782,2.5492778,2.748437,2.7505584,3.8734458
6300,0.1346358,2.1055228,2.2491674,2.55324,2.7681876,2.7453544,3.8635512
6310,0.1350552,2.123767,2.2512478,2.5347766,2.7463526,2.7434708,3.867747
6320,0.1352648,2.1300362,2.225479,2.537319,2.7405298,2.7086584,3.9049894
6330,0.135265,2.1204124,2.2483338,2.5157222,2.764023,2.7610632,3.9203838
6340,0.1358942,2.1248058,2.2368028,2.5473708,2.7591968,2.7692658,3.9258816
6350,0.1358944,2.112236,2.2674218,2.5614334,2.7382182,2.7694292,3.9333812
6360,0.1356846,2.1405274,2.2271558,2.5660446,2.765209,2.7482182,3.9283004
6370,0.1356846,2.148304,2.2789544,2.571911,2.7895762,2.7706972,3.915796
6380,0.1361038,2.1277486,2.254839,2.564166,2.7836894,2.7621346,3.9324552
6390,0.1365232,2.1457614,2.279586,2.569392,2.7686294,2.7855788,3.9664394
6400,0.1371522,2.1281644,2.2982502,2.5907994,2.8089014,2.7650626,3.956299
6410,0.1371524,2.1549878,2.264905,2.5672854,2.7818332,2.7904434,3.9572962
6420,0.1373622,2.133605,2.2814726,2.5752654,2.7749306,2.7753474,3.935338
6430,0.1365234,2.124166,2.2951038,2.5549168,2.7847576,2.8086108,3.9541154
6440,0.137362,2.1638234,2.2881592,2.5836488,2.7859864,2.7799194,3.9357694
6450,0.1377816,2.1654986,2.3028586,2.522628,2.804911,2.8250392,3.994007
6460,0.1377816,2.1317178,2.2967814,2.6140776,2.8275664,2.77598,3.9743636
6470,0.138201,2.1109752,2.2892324,2.6020754,2.786042,2.7879316,3.9932782
6480,0.1384106,2.1457666,2.297818,2.6092542,2.8007002,2.7986272,3.978886
6490,0.1379912,2.181846,2.3070402,2.5980852,2.8359176,2.7780354,4.0015326
6500,0.1384106,2.1495626,2.318991,2.6128192,2.8241786,2.8348596,4.0121418
6510,0.1386204,2.1782638,2.3246722,2.6136584,2.8205968,2.8122252,3.9970022
6520,0.13883,2.1808052,2.303465,2.5989688,2.8556346,2.8189456,3.9897682
6530,0.1394592,2.1883592,2.337247,2.6157438,2.8391028,2.8418284,4.0166108
6540,0.1390396,2.1868894,2.3250886,2.5972902,2.8438672,2.8474626,4.0231096
6550,0.139459,2.1795244,2.32698,2.6159662,2.8160298,2.8154034,4.0335142
6560,0.139669,2.1579506,2.3498396,2.6329388,2.8409764,2.851645,3.9883896
6570,0.1396688,2.196538,2.3078902,2.6343998,2.8084078,2.8457936,4.0027158
6580,0.139669,2.222543,2.3257222,2.6379832,2.8722372,2.8445526,3.9697912
6590,0.1402982,2.2019904,2.3238298,2.6098392,2.8713714,2.8499302,4.0201678
6600,0.1400886,2.1959106,2.3315616,2.6616564,2.8377706,2.8556672,3.9668026
6610,0.1402982,2.2210718,2.358225,2.6214026,2.8789276,2.882243,4.0220144
6620,0.1407178,2.2109874,2.3315898,2.6409166,2.8315366,2.8837488,4.0517544
6630,0.1409276,2.20176,2.3089442,2.6564338,2.8766124,2.8803168,4.0072892
6640,0.141137,2.225037,2.3789888,2.6721402,2.8690284,2.863615,4.0086652
6650,0.141347,2.2149832,2.3561182,2.6629118,2.8521022,2.877835,4.0515518
6660,0.141347,2.2059538,2.371837,2.7002562,2.8573048,2.8747512,4.0511734
6670,0.1417662,2.2149854,2.3206688,2.6750256,2.8751596,2.886489,4.0481786
6680,0.1417662,2.22547,2.3630112,2.696866,2.9130802,2.8943866,4.0799516
6690,0.1419762,2.22505,2.3710194,2.7000552,2.8929374,2.9278096,4.0661516
6700,0.1421858,2.23743,2.3697394,2.6805586,2.9003358,2.8963208,4.0855942
6710,0.1421856,2.2298766,2.3611654,2.6929,2.918582,2.8829092,4.0885196
6720,0.1428148,2.239949,2.3810654,2.6702788,2.8869146,2.9267196,4.0750384
6730,0.1423954,2.2028222,2.3785452,2.7203776,2.9032438,2.929699,4.0572862
6740,0.142605,2.2506348,2.3770992,2.7010798,2.919182,2.9248768,4.0260282
6750,0.1430244,2.2183488,2.3850456,2.6780036,2.9204712,2.9177132,4.0788808
6760,0.1436538,2.2609118,2.396396,2.6708726,2.945634,2.892097,4.0792484
6770,0.1438636,2.2611302,2.3992916,2.6847382,2.9382954,2.9300604,4.0930892
6780,0.144073,2.2613414,2.4068708,2.6916732,2.930937,2.9429112,4.1123962
6790,0.1438632,2.2801966,2.396394,2.7134468,2.9594038,2.960276,4.1046236
6800,0.1440732,2.2319728,2.3972344,2.700668,2.9569278,2.9435378,4.143398
6810,0.1442826,2.2480844,2.3974028,2.7153698,2.957771,2.908041,4.1086608
6820,0.1444922,2.2363686,2.416311,2.742422,2.9351238,2.9869476,4.1407448
6830,0.1447022,2.2814674,2.4288732,2.7392766,2.9540248,2.9621952,4.1045862
6840,0.1442828,2.2669714,2.43034,2.7442856,2.9468934,2.9393432,4.0965436
6850,0.1453314,2.2567026,2.4358214,2.7524896,2.9336482,2.9403646,4.0757014
6860,0.1453314,2.284827,2.4232078,2.7155792,2.9542284,2.9720612,4.1231332
6870,0.1453314,2.2791588,2.4265892,2.7706192,2.9344998,2.9873188,4.1637624
6880,0.1455412,2.2690844,2.4139904,2.761506,2.9577664,2.9527098,4.1129014
6890,0.1461702,2.2523178,2.408766,2.7531178,2.944328,2.9728788,4.1192686
6900,0.1457504,2.2707774,2.4433504,2.7669452,2.995501,2.9452068,4.1400156
6910,0.1459604,2.287126,2.4274346,2.737807,2.9405738,2.974982,4.1455046
6920,0.1470088,2.3091522,2.441244,2.7818468,2.9936078,2.9621524,4.0904072
6930,0.146799,2.3229866,2.4469288,2.7631798,2.9856472,2.9927768,4.0990516
6940,0.146799,2.3001368,2.4383388,2.7541656,3.0108558,3.002214,4.2057778
6950,0.1463798,2.3062134,2.4423226,2.7847352,2.9949014,3.0108474,4.1719512
6960,0.1474284,2.3085254,2.465391,2.7617162,3.0001022,3.0049552,4.2126202
6970,0.1474284,2.3003346,2.4693452,2.7943814,3.026981,3.0066298,4.221345
6980,0.1476382,2.2860856,2.4804654,2.7898172,3.0112744,2.9976432,4.2139312
6990,0.1474284,2.3007472,2.4678962,2.8105566,3.018575,2.9384346,4.1922744
7000,0.147848,2.3523552,2.4846436,2.786043,3.0370366,2.9779012,4.1924176
7010,0.147848,2.3353492,2.4924188,2.7982064,3.0579578,3.0218934,4.228775
7020,0.1484772,2.340377,2.4896902,2.8091098,3.0472834,3.0173304,4.2119898
7030,0.1482676,2.3194126,2.4880122,2.824197,3.015222,3.0445976,4.1375232
7040,0.1482676,2.3288606,2.4708168,2.8057354,3.0313546,3.0471294,4.238626
7050,0.1491052,2.3085258,2.5121068,2.8082514,3.0357994,3.0317876,4.2546596
7060,0.1486868,2.3108302,2.506914,2.806984,3.0292788,3.0307714,4.2795138
7070,0.1480578,2.3458212,2.4834214,2.779332,3.0214962,3.0521566,4.2787648
7080,0.1493158,2.3187504,2.5024818,2.8342768,3.0232114,3.034284,4.2487504
7090,0.149106,2.3410166,2.4842264,2.8592024,3.0530084,3.0418944,4.20691
7100,0.1495256,2.3464328,2.5113184,2.8107906,3.0414612,3.0043494,4.2786558
7110,0.1499452,2.3791714,2.4972528,2.8434852,3.0762786,3.0697868,4.2616924
7120,0.1497354,2.3045402,2.515929,2.8369884,3.0736748,3.0389192,4.256875
7130,0.1505744,2.3617638,2.513415,2.831758,3.0427198,3.086546,4.231818
7140,0.1505744,2.3489952,2.5188314,2.83781,3.0798498,3.029272,4.2759178
7150,0.1505744,2.3708102,2.5293278,2.8422474,3.103923,3.079165,4.2675276
7160,0.1505742,2.3787776,2.535204,2.8684214,3.1032764,3.0800636,4.2854196
7170,0.1514132,2.394926,2.526813,2.8453402,3.07837,3.069118,4.3199888
7180,0.151203,2.3848336,2.5421464,2.8392814,3.0874054,3.0884454,4.292494
7190,0.151413,2.3206886,2.5465112,2.8521056,3.1163228,3.0729244,4.2854454
7200,0.1514128,2.3984466,2.5303994,2.8747268,3.1047806,3.1173614,4.3293348
7210,0.152042,2.379828,2.5549386,2.8786988,3.0940952,3.0777572,4.3174528
7220,0.1524616,2.3995366,2.5295628,2.86845,3.1306024,3.1075292,4.3172694
7230,0.1524616,2.3942972,2.560181,2.8483278,3.0946968,3.1044968,4.2957104
7240,0.1522518,2.3919912,2.563732,2.882288,3.1179742,3.0843976,4.3283564
7250,0.1518324,2.3913358,2.5563768,2.8570666,3.0892754,3.0655498,4.318519
7260,0.1526714,2.4022514,2.5354246,2.8957218,3.1259736,3.0901292,4.388032
7270,0.1526714,2.419255,2.5257604,2.8918982,3.1385408,3.1345646,4.291645
7280,0.1533004,2.4005668,2.565616,2.8978202,3.1155028,3.1448622,4.3260154
7290,0.1533004,2.4236486,2.5614318,2.9261112,3.1404356,3.1482158,4.3383754
7300,0.1535098,2.4171414,2.5458992,2.906599,3.1311696,3.0930552,4.3814316
7310,0.1533002,2.3959538,2.549486,2.8384614,3.1353798,3.1385472,4.3788538
7320,0.1539294,2.404963,2.5884498,2.9045252,3.1368256,3.1615622,4.2340986
7330,0.1537198,2.4206932,2.5702096,2.8984408,3.1556678,3.1146248,4.3708118
7340,0.1543488,2.430972,2.5660538,2.9352774,3.1668392,3.1417076,4.3820706
7350,0.1547684,2.4163162,2.5823966,2.908714,3.1721166,3.1383552,4.3280066
7360,0.1545588,2.440228,2.58094,2.9349,3.1729042,3.1865718,4.336696
7370,0.1541392,2.4257534,2.5945438,2.8927522,3.1718994,3.151108,4.2859838
7380,0.1549782,2.4249144,2.6150968,2.9512796,3.1708652,3.1760734,4.393444
7390,0.1545586,2.4454638,2.6094656,2.9497676,3.161837,3.1740068,4.3869862
7400,0.1549782,2.429924,2.6096726,2.932393,3.1679136,3.1949382,4.3304064
7410,0.1556074,2.4507002,2.5834444,2.9137272,3.2045678,3.1570286,4.3060858
7420,0.1547684,2.4613608,2.5979254,2.9890458,3.1664144,3.1850894,4.4020318
7430,0.1556072,2.4706338,2.6232772,2.9722422,3.1844086,3.1840288,4.3612678
7440,0.1553974,2.4733032,2.6058924,2.935528,3.1903138,3.2014382,4.3896338
7450,0.1562364,2.4091412,2.6105076,2.9321722,3.1876458,3.2209692,4.369153
7460,0.1566558,2.450274,2.62854,2.9697026,3.1569828,3.2029536,4.395679
7470,0.1562362,2.4907664,2.6043724,2.9886202,3.2081386,3.2282962,4.4211368
7480,0.1566558,2.4680736,2.6176086,2.9894624,3.2249686,3.200828,4.443647
7490,0.1572848,2.4695618,2.612571,2.95841,3.2146386,3.2152396,4.3897588
7500,0.1568654,2.465601,2.6316936,2.9722708,3.1981304,3.2381878,4.4381198
7510,0.1572852,2.4544856,2.64133,2.9798182,3.2056484,3.226439,4.3802268
7520,0.1574948,2.4689278,2.63966,2.9902796,3.2232992,3.212782,4.3460054
7530,0.1574948,2.4723092,2.6404528,2.9911376,3.2337308,3.2349918,4.4100348
7540,0.1579142,2.5245216,2.650568,3.0058022,3.2453094,3.1987122,4.3898716
7550,0.1579142,2.5102402,2.6562064,3.0076952,3.2484574,3.24927,4.437969
7560,0.1589628,2.4966362,2.6444756,3.023183,3.2239254,3.2341528,4.5274968
7570,0.158752,2.4240766,2.674225,2.9807666,3.266459,3.2381722,4.4395636
7580,0.158753,2.4867498,2.6400782,2.9932106,3.2461544,3.2350338,4.5114526
7590,0.1579142,2.4848854,2.676985,2.9846346,3.2630846,3.2725552,4.439371
7600,0.1589628,2.4892582,2.6480422,3.0355778,3.225575,3.2498608,4.488689
7610,0.159382,2.5142544,2.6549596,2.9990908,3.23355,3.273603,4.3847476
7620,0.159592,2.518442,2.6837026,3.0018364,3.2698472,3.233542,4.4842652
7630,0.1598016,2.5211734,2.6935586,3.0110118,3.1903636,3.2612422,4.4447372
7640,0.1598018,2.5505276,2.670665,3.0080652,3.2690134,3.191623,4.437731
7650,0.1598016,2.4725212,2.6862168,3.0274232,3.257022,3.3081704,4.4875282
7660,0.1595918,2.5197096,2.6837006,3.025712,3.2847418,3.2616524,4.524702
7670,0.1602212,2.540877,2.7071598,3.0399486,3.2878412,3.295018,4.494658
7680,0.1606406,2.5322898,2.7042072,3.0601042,3.31062,3.2876776,4.5396062
7690,0.16085,2.5442346,2.7140888,3.0238116,3.3096974,3.2997498,4.3918154
7700,0.1606404,2.54718,2.7293754,3.0586696,3.3117044,3.2387796,4.5934824
7710,0.1610598,2.532709,2.7032028,3.0582234,3.3031964,3.3111244,4.3728458
7720,0.1610598,2.5656076,2.7188988,3.0791772,3.3296046,3.3398732,4.3925742
7730,0.1618986,2.5607914,2.7059352,3.0861428,3.309691,3.3402234,4.3808918
7740,0.1618988,2.5824066,2.7132742,3.089078,3.3302498,3.3440906,4.546924
7750,0.161479,2.5138068,2.6243546,2.9372292,3.1863778,3.2027344,4.2975116
7760,0.161479,2.5039278,2.6514026,2.9611338,3.2417166,3.2318642,4.3916912
7770,0.161689,2.4873672,2.6302256,3.0039244,3.2437854,3.2484184,4.3908848
7780,0.1623182,2.464109,2.6280996,2.9751682,3.2536926,3.2142392,4.4021762
7790,0.1623182,2.4794342,2.6352584,2.9927282,3.2396,3.234527,4.4068672
7800,0.1627376,2.5119202,2.6178486,2.9902924,3.2765192,3.2043646,4.4270878
7810,0.162946,2.5306118,2.6476322,2.9567106,3.2302122,3.2492626,4.3939758
7820,0.1627376,2.513814,2.654761,2.9959588,3.2518034,3.2570278,4.4199108
7830,0.1627374,2.4976864,2.6612232,3.0186132,3.2513368,3.2249274,4.4049484
7840,0.1627374,2.5138348,2.6895682,3.0292444,3.2507208,3.2785652,4.3707668
7850,0.1637858,2.5385416,2.6922976,3.0039208,3.2660466,3.2616074,4.4069234
7860,0.163786,2.5037686,2.6587248,3.0200472,3.2777826,3.2719038,4.4868896
7870,0.1631566,2.5362548,2.6813956,3.0196556,3.277821,3.2949886,4.232736
7880,0.163786,2.535436,2.6746628,3.0318088,3.2305272,3.2712998,4.473689
7890,0.1642054,2.5373214,2.6549612,3.010411,3.2605528,3.2922422,4.3699882
7900,0.164625,2.5276646,2.7113768,3.039586,3.2788366,3.2878122,4.4233858
7910,0.1644152,2.5343762,2.7023552,3.0408008,3.2788696,3.3081954,4.3738044
7920,0.1648348,2.5626934,2.7077966,3.0555248,3.2953342,3.2798758,4.4508944
7930,0.164625,2.5270066,2.6876872,3.0540498,3.2799176,3.2994114,4.5203558
7940,0.1650444,2.5416904,2.7065454,2.9996838,3.2572556,3.3184422,4.435331
7950,0.1650444,2.5433852,2.647591,3.0473442,3.3037302,3.3191228,4.441044
7960,0.1658832,2.5352254,2.7086254,3.0756012,3.2840498,3.324289,4.4986044
7970,0.165464,2.5555116,2.724358,3.0508082,3.3008892,3.2966918,4.485669
7980,0.166093,2.519287,2.6891524,3.0099958,3.3048462,3.3023518,4.4950648
7990,0.1663026,2.5138346,2.7044334,3.055526,3.3086108,3.320758,4.455052
8000,0.1665122,2.556616,2.7006594,3.087338,3.3436312,3.3180404,4.531452
8010,0.1658832,2.4947334,2.7132724,3.0768686,3.2962644,3.3417362,4.440282
8020,0.1663026,2.5421314,2.7306666,3.0777418,3.3168012,3.3010994,4.510416
8030,0.166931,2.5564066,2.7394868,3.0855018,3.3220682,3.3484826,4.4589796
8040,0.166722,2.5536672,2.7398948,3.0365924,3.3138534,3.3299194,4.5509994
8050,0.1671416,2.5773726,2.7310844,3.0924294,3.284906,3.3247966,4.5745066
8060,0.1671416,2.6117672,2.713063,3.0933938,3.3631742,3.3096634,4.5528456
8070,0.166932,2.5855564,2.7388332,3.0624452,3.3511802,3.3489046,4.5352668
8080,0.16777,2.5989778,2.742632,3.071247,3.3608712,3.3650276,4.4496278
8090,0.1675612,2.611556,2.7522546,3.0704094,3.3342342,3.3415682,4.5347644
8100,0.1675606,2.5677314,2.7367584,3.0825766,3.342626,3.3685426,4.5728324
8110,0.1675608,2.6285118,2.7396962,3.1282638,3.3601992,3.33421,4.5455576
8120,0.1679804,2.605463,2.778478,3.1140202,3.3759502,3.377407,4.3794432
8130,0.1686094,2.6283384,2.7530832,3.093684,3.3428318,3.374493,4.4786718
8140,0.1686094,2.6100688,2.774088,3.1385496,3.3791054,3.367708,4.6238482
8150,0.16819,2.6362688,2.7600248,3.0987014,3.3763526,3.3952488,4.527138
8160,0.1683998,2.6191106,2.775324,3.1186484,3.3879206,3.3918642,4.4684156
8170,0.1698678,2.6293362,2.7839114,3.109582,3.395662,3.4073702,4.6138146
8180,0.1692388,2.6331542,2.7648308,3.1777622,3.400062,3.4076334,4.6138162
8190,0.1702872,2.6191108,2.7881408,3.113776,3.3992448,3.3392326,4.5691568
8200,0.1694484,2.6224572,2.7694006,3.1605658,3.393526,3.3924586,4.6030642
8210,0.1702872,2.581118,2.8013284,3.1526036,3.3890796,3.3907764,4.4790234
8220,0.1702872,2.6214006,2.7906362,3.153625,3.4097292,3.3510022,4.8970796
8230,0.1704968,2.6352418,2.77927,3.1469628,3.4071254,3.3949882,4.8332066
8240,0.1702872,2.6528754,2.8268978,3.1524128,3.4206096,3.43043,4.9303644
8250,0.1709162,2.640286,2.7990396,3.142528,3.4316576,3.4056886,4.8769668
8260,0.1711258,2.6337732,2.7680092,3.1668478,3.3618498,3.4155918,4.7856952
8270,0.1715454,2.6547262,2.8298726,3.1813262,3.3847678,3.4147322,4.7445852
8280,0.1717552,2.6283396,2.800268,3.1844914,3.42899,3.4007038,4.6356642
8290,0.1707066,2.6377386,2.8090828,3.1784016,3.4120406,3.3811234,4.6495542
8300,0.1715454,2.6570498,2.763784,3.1739688,3.4401288,3.3824682,4.9202538
8310,0.1717552,2.6593764,2.8000648,3.1759016,3.4183288,3.4701178,4.7222242
8320,0.171965,2.6264262,2.8233436,3.126164,3.4515746,3.43213,4.9254632
8330,0.1725944,2.6526652,2.824827,3.186596,3.4477816,3.4516344,4.9477816
8340,0.1725942,2.6528504,2.8111766,3.1670668,3.4332146,3.47172,4.9873236
8350,0.1725944,2.672369,2.816812,3.1670026,3.4650454,3.4625342,4.8176676
8360,0.1723846,2.6710908,2.8128888,3.1852954,3.4674584,3.4703034,4.9675524
8370,0.173433,2.6828638,2.8154026,3.1945686,3.4298638,3.4853724,4.9041168
8380,0.1732236,2.6442768,2.8585508,3.1855412,3.493554,3.4600128,4.9179698
8390,0.1738524,2.6687916,2.8275512,3.2102754,3.4573256,3.4310058,4.9738326
8400,0.1738524,2.6991554,2.8569028,3.2283212,3.4743822,3.448051,4.6146912
8410,0.1736426,2.6574864,2.8330072,3.1863884,3.468801,3.4791098,4.9862828
8420,0.1736426,2.6941884,2.8669876,3.2331482,3.4522896,3.4923534,4.9642766
8430,0.1744806,2.6807668,2.868663,3.1878456,3.4941284,3.500454,4.8037502
8440,0.1742712,2.6813734,2.865276,3.2346218,3.43334,3.4774534,4.7362602
8450,0.1746912,2.7059342,2.8806184,3.21841,3.4773362,3.4884798,4.7160048
8460,0.1746914,2.67844,2.8602814,3.2354592,3.4874938,3.4445394,4.9305642
8470,0.1746912,2.6847514,2.8642414,3.2304272,3.4765872,3.4736354,4.8506528
8480,0.1749008,2.7232952,2.8591988,3.2350056,3.5162158,3.4828092,4.7282768
8490,0.1753204,2.7258452,2.8466498,3.2430048,3.5033274,3.5188776,4.8103798
8500,0.174901,2.7245816,2.8978204,3.2706908,3.48581,3.4684066,4.944207
8510,0.1753202,2.692678,2.8725828,3.233784,3.5208044,3.5220158,4.8802584
8520,0.1763688,2.72078,2.9059662,3.2871834,3.5162246,3.5223136,5.0134132
8530,0.1763688,2.6935592,2.8682412,3.2670948,3.4958184,3.5191748,5.068581
8540,0.1761592,2.7258578,2.9141204,3.2511464,3.4759934,3.5476876,5.0490896
8550,0.1759492,2.6685618,2.8788938,3.2559308,3.532467,3.5191774,4.8422674
8560,0.1767884,2.7256452,2.8875444,3.2503018,3.5543264,3.4808078,4.8436332
8570,0.1774174,2.7583254,2.8887824,3.2462934,3.5382852,3.5346114,4.767996
8580,0.1767884,2.6813726,2.9127098,3.285145,3.5112142,3.5422256,4.9440392
8590,0.1772078,2.7073958,2.9166756,3.3128404,3.54644,3.5258386,5.0663658
8600,0.1774176,2.7480844,2.9034776,3.2735332,3.5781034,3.5034522,5.054535
8610,0.1769982,2.717461,2.9286484,3.3039658,3.5531524,3.5511962,4.657486
8620,0.1778368,2.7468016,2.8850242,3.2658498,3.5244148,3.56492,5.0567528
8630,0.1778368,2.6794768,2.8994724,3.2838938,3.5667516,3.56011,4.9334026
8640,0.178256,2.792937,2.9141362,3.2833516,3.5711426,3.5468178,4.9555714
8650,0.1788854,2.7421762,2.9190012,3.3207142,3.5969686,3.5545584,4.8911854
8660,0.178466,2.754784,2.9227554,3.284292,3.6149684,3.576246,5.0908458
8670,0.1786756,2.7499646,2.9229448,3.283811,3.5751016,3.5367614,4.809237
8680,0.1790952,2.7467878,2.9275932,3.281179,3.5585548,3.5961112,4.9208874
8690,0.1786758,2.7335562,2.9036926,3.3197382,3.5877778,3.5761092,5.028156
8700,0.178466,2.7359244,2.9487792,3.3182526,3.5885526,3.5424382,5.0775828
8710,0.1790952,2.7587502,2.9431062,3.290272,3.5634956,3.6071578,5.1363976
8720,0.179305,2.7859768,2.9687034,3.3427276,3.5702916,3.6191106,4.8638734
8730,0.1797244,2.7765662,2.9447596,3.3283356,3.6350992,3.6168714,4.9299654
8740,0.1803536,2.768215,2.9447962,3.3430356,3.614149,3.6252842,5.1146766
8750,0.1801438,2.787691,2.9585996,3.3017874,3.622961,3.5993002,4.956495
8760,0.1805632,2.7658634,2.955257,3.3021498,3.6131894,3.560621,5.1055172
8770,0.1801438,2.8204302,2.965105,3.3534466,3.612434,3.5995198,5.0934566
8780,0.180773,2.7939638,2.9557006,3.3551562,3.6189854,3.6221342,5.1140904
8790,0.1811924,2.7738376,2.988563,3.3515072,3.6401656,3.5600432,4.7146424
8800,0.181402,2.7902384,2.9778872,3.3390162,3.6273246,3.636316,4.9511854
8810,0.1811924,2.7856226,2.9682696,3.323311,3.6078672,3.631579,4.778628
8820,0.1820314,2.7545854,2.9720588,3.371544,3.6055794,3.6405766,5.1402214
8830,0.1811924,2.772621,2.9818724,3.3570946,3.628672,3.6252944,5.0168492
8840,0.1820314,2.80489,2.9738812,3.3652174,3.6294456,3.6458234,5.1024034
8850,0.1820314,2.8086924,3.0089182,3.3832088,3.6459858,3.6190276,5.218786
8860,0.182241,2.7948218,2.9972138,3.3916758,3.6341284,3.67166,5.114412
8870,0.1824508,2.8334036,2.9871484,3.3501204,3.6042244,3.6739072,5.1627082
8880,0.182241,2.8057212,2.9852438,3.3717278,3.63507,3.6357926,4.7876018
8890,0.1826604,2.8011258,2.9915646,3.3930718,3.6204684,3.6359774,5.1462588
8900,0.1832896,2.8179104,2.9938688,3.412838,3.6838072,3.6401592,5.2117994
8910,0.1822408,2.8333912,2.9892188,3.3781958,3.6623682,3.6556414,5.1109596
8920,0.183709,2.8380066,3.0286706,3.4084728,3.6720242,3.657245,5.05687
8930,0.1824508,2.840058,2.9955226,3.3862286,3.6405844,3.6625832,4.9862712
8940,0.183709,2.8227238,3.0462966,3.386452,3.6768916,3.656759,5.237811
8950,0.1834992,2.7979928,3.0194538,3.3956622,3.6597218,3.6149028,5.1594848
8960,0.1843382,2.784756,3.0267822,3.4186486,3.6599202,3.698225,5.1339866
8970,0.184548,2.8200168,2.9967972,3.4338468,3.6648706,3.6642586,5.1986608
8980,0.1841284,2.791489,3.0483954,3.3828334,3.6615792,3.658847,5.1076172
8990,0.1847576,2.7973384,2.975835,3.4140034,3.7407434,3.6630636,4.805688
9000,0.1849672,2.8350854,3.0254722,3.4474288,3.659825,3.6531522,5.031488
9010,0.1847576,2.8520848,3.0311888,3.3935828,3.7203352,3.7198234,4.6899916
9020,0.184338,2.8376024,3.0202746,3.4057302,3.6851922,3.721969,5.1633886
9030,0.1845476,2.8189302,3.0238172,3.418089,3.726948,3.6965528,5.2518522
9040,0.1855964,2.873442,3.0581922,3.4065454,3.739124,3.668061,5.0192646
9050,0.1849672,2.8484936,3.0286812,3.4476902,3.7285794,3.7034664,5.0953118
9060,0.1858058,2.84809,3.0231902,3.4310864,3.7058424,3.713104,5.1872722
9070,0.1860156,2.8820796,3.052321,3.4394272,3.7085122,3.7177248,5.2804628
9080,0.1870644,2.8902296,3.0879578,3.4351002,3.7148228,3.7135334,5.2013108
9090,0.1862254,2.8216222,3.050071,3.4157848,3.6873324,3.7380962,4.9709602
9100,0.1860158,2.8688754,3.079431,3.4441238,3.7502036,3.685884,5.2507008
9110,0.185806,2.8585612,3.049414,3.4097302,3.7154494,3.6772222,5.0830336
9120,0.186645,2.8617506,3.066602,3.458289,3.7611732,3.7198968,5.2936192
9130,0.187484,2.8848188,3.0372786,3.4300066,3.7609844,3.7558024,5.3070242
9140,0.1874836,2.8946666,3.082114,3.489991,3.7301094,3.76867,5.210185
9150,0.1876934,2.8891716,3.066771,3.4664816,3.7196274,3.730463,4.7994902
9160,0.187903,2.856087,3.0886608,3.509664,3.7521138,3.7637996,5.0334116
9170,0.1876934,2.8820468,3.0928336,3.4326994,3.7722504,3.7166368,5.1971696
9180,0.1887422,2.8862854,3.0730728,3.4560222,3.7552998,3.7720894,5.2923654
9190,0.1883228,2.9051472,3.0666232,3.4137152,3.7560568,3.7300948,5.1018818
9200,0.1885322,2.8361164,3.0989356,3.4736924,3.7668136,3.7562254,5.0725168
9210,0.1885324,2.857759,3.1012426,3.4792978,3.788612,3.7582118,4.9857864
9220,0.188742,2.888148,3.0752374,3.5228438,3.7974118,3.8066942,5.1875002
9230,0.188952,2.919617,3.11026,3.492348,3.7646582,3.748208,5.3266746
9240,0.1893714,2.8713828,3.0871844,3.4975468,3.7983962,3.788683,5.3089572
9250,0.1891618,2.924641,3.0970188,3.4875378,3.7842176,3.7964858,4.8578744
9260,0.1897906,2.9408006,3.0750282,3.4877128,3.7872198,3.7649334,5.3575212
9270,0.1893714,2.934503,3.050904,3.498862,3.790312,3.8121116,5.142977
9280,0.1900002,2.9638736,3.0858708,3.5015486,3.791735,3.7821152,5.3202516
9290,0.1893714,2.9141296,3.0957412,3.5027476,3.771485,3.826293,5.2817298
9300,0.1908392,2.9386838,3.1373138,3.5063886,3.8121746,3.7968616,5.3622738
9310,0.1908392,2.9151856,3.1215342,3.5025838,3.7939152,3.7796104,5.2450958
9320,0.1908392,2.9063848,3.1427538,3.5206626,3.828034,3.7623768,5.1396974
9330,0.1908394,2.927172,3.0882138,3.5342524,3.805622,3.8153974,5.2503848
9340,0.1908392,2.9422794,3.141507,3.5164748,3.787192,3.8169244,5.4046524
9350,0.191049,2.9684334,3.1204742,3.5692554,3.8139382,3.8337764,5.0607904
9360,0.1920976,2.9120736,3.1481878,3.5383928,3.8280478,3.8444224,5.1203732
9370,0.1910488,2.9353182,3.1205224,3.472978,3.820146,3.797795,5.0322492
9380,0.1927264,2.9124956,3.0934116,3.5034608,3.834117,3.7966392,5.4148482
9390,0.1918878,2.9525302,3.160801,3.53217,3.7456612,3.8070438,5.0441194
9400,0.1927264,2.9611266,3.1192086,3.5248336,3.8060856,3.804157,5.2067756
9410,0.1914682,2.936198,3.1580382,3.504932,3.8159252,3.8557938,5.1216348
9420,0.1925168,2.9351452,3.1615586,3.5800126,3.8016342,3.8249012,5.3566206
9430,0.1929364,2.9720114,3.164777,3.5379264,3.822009,3.856929,5.1275438
9440,0.1927264,2.9500276,3.1662082,3.5593598,3.8532002,3.8284772,5.405465
9450,0.193146,2.9414152,3.197659,3.5136198,3.853505,3.8631942,4.731283
9460,0.193146,2.9588286,3.1356294,3.5818264,3.8914478,3.8752502,5.415902
9470,0.1935646,2.9770288,3.1523706,3.5247932,3.871453,3.8236956,5.4177834
9480,0.1939844,2.9854806,3.1645706,3.548777,3.872955,3.8728806,5.008198
9490,0.1935654,2.9963332,3.160381,3.5573696,3.8739594,3.7649856,5.2046832
9500,0.1937752,2.9659728,3.1576548,3.5896198,3.8647342,3.8890172,5.3480488
9510,0.1939848,2.9668114,3.2016228,3.5895128,3.8829636,3.8502452,5.1970688
9520,0.1939846,3.0190302,3.1718728,3.573715,3.8513734,3.8537378,5.2410016
9530,0.1941946,3.0030572,3.184008,3.5736132,3.860234,3.9002082,5.0131638
9540,0.1950332,2.9682454,3.2026662,3.5847522,3.8385178,3.8941288,5.2943638
9550,0.1954526,2.983126,3.1876398,3.6168368,3.8970776,3.9063196,5.4233886
9560,0.195872,2.9829586,3.188833,3.5506136,3.9156428,3.9192352,4.9515468
9570,0.1952428,3.0127182,3.2201498,3.6004804,3.881516,3.882721,5.215707
9580,0.1958722,2.9999364,3.1823328,3.5835574,3.8815824,3.9385672,5.456169
9590,0.195243,3.0414716,3.2251822,3.6240476,3.9303696,3.9316452,5.0219276
9600,0.1948238,3.0085304,3.1697766,3.626699,3.842587,3.8738634,5.2620478
9610,0.195243,3.01567,3.2123386,3.591484,3.9077112,3.9180472,5.4415356
9620,0.1958722,3.0275984,3.21215,3.6544314,3.9255752,3.890293,5.5010852
9630,0.1971308,2.9862714,3.222517,3.5837624,3.9555296,3.9051976,5.4081746
9640,0.1965014,3.0356028,3.2395962,3.6147324,3.9462458,3.9096774,5.0330482
9650,0.1962916,3.0246778,3.2350404,3.6500186,3.9243686,3.9214348,5.487359
9660,0.196921,2.9848192,3.2228096,3.619378,3.9243066,3.8867752,5.3492458
9670,0.1967102,3.0188038,3.2352392,3.648047,3.9405716,3.9659122,5.2283188
9680,0.1975502,3.0410168,3.2081442,3.6030592,3.9072942,3.8816626,5.5088462
9690,0.1971298,3.0412136,3.2458836,3.597786,3.9750614,3.966812,5.1872378
9700,0.1977596,3.025294,3.210503,3.6668478,3.9609862,3.9440028,5.4262062
9710,0.19734,3.0523784,3.2580764,3.646597,3.9728558,3.9265326,5.28467