mtu,baseline,RUSB,sigRUS
100,567.267,869.676,0.000
110,410.504,867.733,0.000
120,516.942,869.091,61.501
130,518.725,869.138,55.965
140,572.868,869.477,56.007
150,531.325,870.533,177.501
160,527.731,868.179,123.863
170,709.917,870.572,111.554
180,531.470,868.436,52.570
190,681.084,868.356,52.486
200,623.380,867.591,56.092
210,614.493,867.772,54.099
220,710.106,868.196,57.811
230,783.952,869.299,75.153
240,625.281,869.937,48.920
250,704.571,866.844,68.253
260,702.787,867.648,56.028
270,614.509,868.316,56.008
280,551.270,869.066,52.527
290,437.888,868.529,49.046
300,783.970,868.228,50.766
310,542.334,867.498,61.210
320,553.237,868.312,59.447
330,425.182,867.218,52.527
340,601.843,868.948,50.849
350,502.645,869.905,88.697
360,554.895,870.501,61.439
370,627.081,867.941,57.308
380,553.204,866.871,90.041
390,627.112,869.105,57.874
400,618.106,867.279,49.067
410,538.790,868.047,91.655
420,546.006,868.250,54.353
430,636.127,866.601,50.786
440,537.074,868.474,49.004
450,428.707,867.783,57.832
460,538.900,867.799,59.531
470,556.803,869.230,143.364
480,547.871,866.977,98.890
490,596.588,870.734,109.918
500,627.122,868.221,174.250
510,675.842,869.100,170.415
520,468.508,867.185,281.087
530,529.816,868.476,272.140
540,549.597,867.604,208.576
550,549.683,867.651,197.232
560,697.375,868.453,207.830
570,470.391,868.481,264.921
580,603.689,869.152,259.833
590,630.742,868.562,183.455
600,556.869,867.271,249.360
610,878.486,878.670,405.723
620,873.975,872.766,415.223
630,873.796,877.874,425.749
640,882.238,878.276,454.685
650,883.725,885.903,435.018
660,882.175,877.760,449.380
670,887.577,886.660,430.068
680,891.318,887.314,463.723
690,891.359,895.098,463.554
700,892.557,888.600,415.515
710,892.250,890.734,476.137
720,892.641,895.477,438.181
730,900.606,897.244,458.982
740,891.484,893.695,438.895
750,902.181,899.094,462.672
760,901.243,902.948,450.534
770,906.056,905.769,445.900
780,901.596,898.906,485.089
790,908.560,903.552,449.273
800,909.475,908.648,476.848
810,910.820,910.481,476.283
820,907.638,905.944,501.047
830,910.053,910.564,458.837
840,909.327,912.074,513.043
850,917.821,915.657,547.492
860,909.059,913.165,580.958
870,912.307,915.587,577.729
880,920.276,918.776,621.657
890,917.912,919.822,560.705
900,919.409,912.784,566.847
910,919.981,918.664,607.901
920,918.832,921.441,594.986
930,928.162,925.777,603.603
940,919.811,918.695,583.036
950,926.926,920.989,580.916
960,928.981,925.013,615.555
970,928.807,927.746,568.732
980,924.701,924.526,605.720
990,927.762,926.111,617.274
1000,928.854,928.345,606.518
1010,928.389,934.287,622.162
1020,929.231,926.545,616.206
1030,927.613,929.805,570.077
1040,929.206,932.214,636.336
1050,938.455,933.440,583.096
1060,928.140,932.159,626.667
1070,937.540,931.555,643.653
1080,937.325,933.130,602.117
1090,936.840,938.899,613.839
1100,935.205,931.651,902.114
1110,937.679,939.983,732.080
1120,937.450,941.415,752.376
1130,944.295,940.703,736.001
1140,936.986,939.927,772.926
1150,937.562,939.772,721.157
1160,941.923,940.469,749.341
1170,947.416,941.041,779.806
1180,936.400,940.440,735.328
1190,938.024,940.040,754.390
1200,946.815,940.796,784.229
1210,947.367,946.760,751.980
1220,941.240,939.772,751.247
1230,947.406,944.629,724.531
1240,947.361,949.106,761.584
1250,947.130,949.865,774.666
1260,946.919,945.734,710.546
1270,946.495,949.323,764.514
1280,947.111,949.985,710.168
1290,946.613,948.749,725.685
1300,947.863,948.278,691.990
1310,946.519,949.085,732.749
1320,950.676,949.856,706.243
1330,956.156,949.689,759.254
1340,947.276,949.199,709.834
1350,947.549,948.987,749.736
1360,955.765,948.911,882.342
1370,957.132,956.822,837.659
1380,952.103,949.463,854.137
1390,956.025,949.327,844.538
1400,956.190,956.176,867.643
1410,955.999,958.731,828.246
1420,955.682,952.350,831.012
1430,955.962,955.151,824.299
1440,956.139,958.070,881.337
1450,956.046,957.651,861.941
1460,956.025,954.620,878.464
1470,955.967,958.407,841.305
1480,956.836,958.493,820.822
1490,955.810,958.267,916.378
1500,956.146,957.789,877.605
1510,957.007,959.375,634.137
1520,956.794,958.367,641.245
1530,961.490,959.300,628.120
1540,956.038,959.661,870.017
1550,956.459,959.112,840.635
1560,957.220,958.139,843.971
1570,965.728,959.721,814.573
1580,956.438,958.179,852.211
1590,963.218,958.955,831.514
1600,966.092,959.877,838.403
1610,965.936,965.196,817.385
1620,961.219,958.619,913.417
1630,965.245,960.127,938.228
1640,965.308,960.266,926.268
1650,965.938,967.691,931.789
1660,965.716,959.100,924.051
1670,965.731,963.014,906.918
1680,966.275,966.801,919.121
1690,964.865,967.471,914.276
1700,965.013,963.828,931.489
1710,966.125,967.815,927.215
1720,965.668,967.440,939.251
1730,965.606,967.446,931.845
1740,966.614,968.378,926.019
1750,966.403,968.063,923.249
1760,965.559,969.166,930.210
1770,969.778,967.108,949.382
1780,965.140,967.635,934.827
1790,964.488,968.589,925.136
1800,966.963,967.858,925.454
1810,969.042,968.464,935.729
1820,965.479,966.704,927.748
1830,965.581,967.082,948.582
1840,967.833,965.871,898.529
1850,973.884,969.550,918.030
1860,964.759,968.189,896.411
1870,972.018,967.392,950.950
1880,974.182,969.973,949.252
1890,974.112,969.831,949.338
1900,968.898,968.443,949.380
1910,973.885,968.417,949.820
1920,974.219,967.629,949.927
1930,974.957,976.051,949.862
1940,970.572,966.985,949.422
1950,975.421,967.455,950.787
1960,974.846,970.478,950.931
1970,974.597,976.280,950.846
1980,974.221,975.007,949.944
1990,973.565,971.321,949.757
2000,974.053,975.323,954.477
2010,974.849,976.687,957.954
2020,974.768,976.122,950.529
2030,974.244,975.901,950.534
2040,974.634,975.010,958.945
2050,975.192,976.186,957.830
2060,975.019,976.696,958.944
2070,974.496,976.098,958.188
2080,974.493,975.717,959.908
2090,973.734,976.659,959.296
2100,974.765,975.961,959.700
2110,975.043,975.971,958.628
2120,973.924,976.612,959.466
2130,974.091,977.462,959.108
2140,974.181,975.446,958.942
2150,974.094,977.011,959.092
2160,973.947,976.150,958.671
2170,979.298,976.789,959.466
2180,974.707,975.909,958.106
2190,974.622,975.628,959.254
2200,974.682,976.227,958.227
2210,979.733,975.943,958.523
2220,974.363,976.985,960.370
2230,977.240,976.463,958.816
2240,978.166,976.093,958.733
2250,981.431,976.000,959.465
2260,974.137,975.555,959.026
2270,978.269,976.056,959.091
2280,976.572,976.573,960.179
2290,981.876,977.525,966.389
2300,974.280,976.815,959.195
2310,979.002,975.888,959.195
2320,981.604,976.456,963.911
2330,983.087,979.936,967.309
2340,978.557,976.233,963.909
2350,979.928,981.290,960.284
2360,983.577,976.771,966.410
2370,984.159,983.253,968.192
2380,983.200,976.162,941.236
2390,983.091,976.148,967.982
2400,983.425,984.104,967.057
2410,983.300,984.063,967.772
2420,983.218,977.313,965.989
2430,983.936,980.038,968.104
2440,983.738,984.407,967.287
2450,983.301,984.650,968.064
2460,983.404,976.887,967.896
2470,983.031,984.421,967.224
2480,983.952,985.264,967.268
2490,983.637,984.908,967.202
2500,982.815,981.586,968.820
2510,983.850,985.747,967.666
2520,984.310,985.005,967.982
2530,983.570,985.466,968.484
2540,984.184,985.607,968.634
2550,984.457,985.474,967.520
2560,983.449,985.238,966.137
2570,983.489,984.816,967.119
2580,982.961,984.257,966.889
2590,984.310,985.006,967.518
2600,983.230,984.645,968.128
2610,983.175,985.620,967.557
2620,984.180,985.186,968.482
2630,983.593,984.234,968.465
2640,983.344,984.629,967.204
2650,984.218,985.439,968.610
2660,983.847,984.548,966.641
2670,983.158,985.209,966.700
2680,984.335,984.294,967.662
2690,983.338,986.351,971.651
2700,983.679,985.133,967.540
2710,984.176,984.393,967.456
2720,983.132,984.256,974.084
2730,983.636,984.987,970.578
2740,983.615,984.183,967.038
2750,983.654,984.023,969.221
2760,984.162,985.627,974.714
2770,984.012,985.170,975.907
2780,983.872,984.306,970.961
2790,983.423,984.432,971.876
2800,983.762,984.971,975.845
2810,987.513,984.613,975.803
2820,982.815,983.876,972.884
2830,983.238,985.050,975.717
2840,984.204,985.638,975.886
2850,984.518,986.094,976.429
2860,984.623,985.062,976.581
2870,983.491,984.466,975.928
2880,987.306,986.005,976.474
2890,986.656,986.132,976.580
2900,983.237,983.579,975.949
2910,985.311,985.344,976.535
2920,986.803,984.633,976.598
2930,986.237,985.492,976.621
2940,983.693,984.754,976.743
2950,988.942,985.094,976.472
2960,987.138,984.950,976.534
2970,987.597,985.088,976.266
2980,983.827,984.034,975.593
2990,987.960,985.980,975.679
3000,990.182,987.403,976.369
3010,992.213,990.546,977.167
3020,986.867,984.676,977.334
3030,991.560,984.750,976.514
3040,993.335,984.679,975.405
3050,992.484,993.363,976.349
3060,989.490,987.396,976.366
3070,992.167,986.181,977.417
3080,992.765,987.562,976.224
3090,993.120,993.539,977.732
3100,988.926,984.865,975.865
3110,992.979,986.180,977.271
3120,992.527,992.691,975.824
3130,992.015,994.154,976.600
3140,992.761,991.284,976.957
3150,992.278,989.944,976.075
3160,992.757,993.883,975.803
3170,992.081,993.001,976.495
3180,992.004,992.254,976.056
3190,993.666,993.199,974.878
3200,991.919,992.075,975.658
3210,992.227,993.645,977.775
3220,992.044,992.261,976.266
3230,991.955,993.986,975.824
3240,992.859,994.259,978.380
3250,992.105,993.781,976.117
3260,992.923,993.294,976.009
3270,992.384,992.197,976.665
3280,993.954,994.047,977.692
3290,992.868,993.230,981.045
3300,993.347,993.945,976.097
3310,992.340,992.376,977.629
3320,992.883,993.878,976.368
3330,991.916,992.294,985.091
3340,992.362,993.709,976.432
3350,992.402,993.190,978.106
3360,992.001,993.615,984.147
3370,992.672,992.822,982.995
3380,992.591,992.621,976.686
3390,992.416,993.585,982.154
3400,992.676,993.193,985.095
3410,992.735,993.797,984.290
3420,992.229,993.633,983.815
3430,992.501,994.006,984.863
3440,992.446,993.271,984.086
3450,993.850,993.986,985.596
3460,992.819,993.150,984.213
3470,993.532,993.932,985.348
3480,993.139,994.319,984.713
3490,991.849,994.070,985.678
3500,992.549,993.264,982.658
3510,991.538,993.117,985.846
3520,992.252,994.213,984.148
3530,992.148,993.502,986.034
3540,991.683,993.181,984.002
3550,992.441,993.258,982.324
3560,992.924,994.134,985.005
3570,992.479,994.678,986.351
3580,992.988,994.142,983.793
3590,992.357,993.567,984.818
3600,993.592,994.424,985.176
3610,992.592,993.215,985.386
3620,993.280,993.863,985.132
3630,992.189,993.353,984.692
3640,992.670,994.240,985.595
3650,992.756,994.194,985.825
3660,993.023,994.463,955.429
3670,992.440,993.670,985.282
3680,992.401,994.351,985.299
3690,992.527,994.845,985.637
3700,992.805,992.642,985.720
3710,991.790,994.544,986.497
3720,992.320,993.705,985.573
3730,992.380,994.567,987.479
3740,992.678,993.649,986.054
3750,991.836,994.296,986.979
3760,993.074,993.691,985.320
3770,992.758,995.034,986.938
3780,992.296,993.789,985.846
3790,993.219,994.979,986.893
3800,992.594,994.069,985.721
3810,992.609,994.516,983.621
3820,992.233,994.255,984.359
3830,993.729,994.812,986.936
3840,992.399,994.326,985.680
3850,994.496,994.558,986.725
3860,992.382,993.830,985.302
3870,992.403,994.756,983.139
3880,993.173,995.553,986.896
3890,995.720,994.018,986.222
3900,993.240,993.378,985.090
3910,994.123,993.922,986.306
3920,994.520,993.546,987.209
3930,997.293,993.404,985.950
3940,991.624,993.258,985.155
3950,992.591,993.530,985.847
3960,998.903,994.255,987.337
3970,996.052,993.407,985.593
3980,992.907,994.596,985.804
3990,992.123,992.909,985.617
4000,995.168,994.531,986.351
4010,997.752,993.852,985.344
4020,993.472,994.175,986.224
4030,994.285,993.359,985.448
4040,995.570,993.955,986.560
4050,993.852,994.766,985.931
4060,992.645,993.491,985.941
4070,992.943,995.265,986.286
4080,998.821,992.861,985.762
4090,998.176,994.707,986.581
4100,992.948,993.569,985.929
4110,993.213,995.292,987.589
4120,996.281,994.951,984.544
4130,996.751,994.508,985.887
4140,997.039,993.100,987.124
4150,996.032,994.335,986.350
4160,1001.024,993.641,986.415
4170,1001.210,994.237,986.225
4180,999.598,993.734,986.749
4190,997.712,994.000,985.889
4200,997.748,994.308,986.352
4210,1001.203,997.572,985.552
4220,997.771,993.544,986.455
4230,998.774,993.769,984.294
4240,998.083,994.599,985.514
4250,1001.158,997.578,985.133
4260,997.940,994.215,985.511
4270,999.233,993.331,983.540
4280,1000.537,995.900,985.470
4290,1000.203,995.173,986.765
4300,997.917,994.455,986.181
4310,998.506,994.663,986.454
4320,999.718,994.735,990.121
4330,1002.833,996.165,986.329
4340,997.647,993.884,985.636
4350,1000.700,994.954,986.099
4360,999.693,994.687,985.806
4370,1001.098,1002.039,987.672
4380,998.083,993.648,986.477
4390,999.551,997.081,986.309
4400,1000.257,1001.965,986.684
4410,1001.163,1001.437,988.069
4420,1000.434,993.834,986.288
4430,1000.933,998.873,986.036
4440,1000.031,999.527,986.434
4450,1000.466,1001.212,987.210
4460,1000.329,993.630,984.986
4470,1001.214,994.252,985.680
4480,1001.020,1000.172,993.562
4490,1001.002,1002.956,990.102
4500,1001.399,996.996,987.545
4510,1000.705,996.250,989.618
4520,1000.958,1002.793,994.365
4530,1000.765,1002.727,994.068
4540,1000.708,998.053,988.610
4550,1001.442,999.278,992.034
4560,1001.591,1000.865,992.747
4570,1000.872,1002.334,992.977
4580,1001.840,999.392,988.279
4590,1001.105,994.751,994.152
4600,1000.956,1002.434,990.986
4610,1001.441,1001.864,989.138
4620,1000.701,1002.318,991.194
4630,1001.517,1001.273,994.466
4640,1001.057,1003.526,994.633
4650,1001.426,1001.912,994.258
4660,1001.249,1002.430,986.602
4670,1001.940,995.326,990.540
4680,1001.673,999.186,992.515
4690,1002.468,1003.462,991.341
4700,1002.053,996.240,988.591
4710,1001.456,1002.301,991.321
4720,1000.725,1002.089,995.180
4730,1000.559,1002.788,994.444
4740,1000.684,1001.279,990.458
4750,1001.228,1002.981,993.836
4760,1000.430,1002.569,993.983
4770,1000.173,1002.198,993.666
4780,1000.118,1002.478,990.022
4790,1000.785,1001.782,991.908
4800,1000.829,1002.491,994.194
4810,999.613,1002.918,994.466
4820,1000.976,1001.431,993.751
4830,999.590,1002.327,994.797
4840,1000.956,1002.405,993.733
4850,1001.064,1001.609,994.257
4860,1001.291,999.837,993.644
4870,1000.914,1002.057,992.118
4880,1002.069,1002.837,994.693
4890,1001.059,1003.695,994.697
4900,1001.522,1002.221,993.751
4910,1001.964,1003.304,993.838
4920,1000.594,1001.489,993.964
4930,1002.042,1003.307,994.360
4940,1001.499,1003.962,962.942
4950,1001.132,1001.519,993.271
4960,1000.976,1002.887,994.066
4970,1000.831,1003.641,993.188
4980,1001.120,1001.461,994.087
4990,1002.092,1003.038,993.185
5000,1000.596,1004.152,994.151
5010,1001.497,1002.243,994.129
5020,1000.786,1003.648,993.793
5030,1001.167,1003.725,994.528
5040,1001.774,1002.789,994.593
5050,1002.043,1003.629,994.570
5060,1001.181,1003.635,995.076
5070,1000.181,1000.905,994.801
5080,1000.434,1001.952,994.255
5090,1000.156,1002.841,993.124
5100,1000.574,1001.607,993.793
5110,1000.393,1001.765,995.848
5120,1000.891,1003.123,994.424
5130,1000.303,1001.081,995.410
5140,1000.305,1001.418,995.703
5150,999.548,1001.444,993.649
5160,1000.661,1001.351,994.026
5170,1001.123,1000.448,994.675
5180,1000.516,1001.462,993.817
5190,1001.247,1001.944,994.256
5200,1001.186,1002.761,993.524
5210,1001.164,1002.228,995.135
5220,1001.350,1001.953,994.593
5230,1000.242,1001.909,993.732
5240,1000.285,1000.757,993.772
5250,1000.552,1002.357,994.299
5260,999.590,1001.883,994.089
5270,1000.519,1000.772,994.465
5280,1000.154,1002.424,994.152
5290,1000.011,1001.814,994.861
5300,1000.666,1000.861,994.446
5310,1002.086,1002.678,994.739
5320,1000.602,1003.294,994.215
5330,1001.162,1002.456,994.570
5340,1001.602,1002.285,994.696
5350,1000.445,1002.849,994.823
5360,1001.038,1002.142,994.548
5370,1002.072,1003.190,995.324
5380,1000.783,1001.426,994.841
5390,1001.015,1001.317,994.486
5400,1000.807,1002.720,994.884
5410,1002.280,1003.250,995.410
5420,1001.607,1002.248,994.676
5430,1000.558,1002.335,995.365
5440,1001.683,1003.610,994.864
5450,1001.420,1003.067,994.549
5460,1002.011,1001.955,995.012
5470,1001.665,1003.974,995.302
5480,1001.206,1002.796,994.381
5490,1001.082,1002.277,995.284
5500,1001.170,1001.474,994.949
5510,1000.959,1001.733,995.053
5520,1001.251,1003.115,993.583
5530,1001.253,1002.217,995.473
5540,1000.179,1001.494,994.655
5550,999.777,1002.083,995.892
5560,1000.035,1000.927,994.612
5570,999.627,1002.236,993.924
5580,999.313,1001.604,993.439
5590,1000.593,1001.861,992.915
5600,1000.424,1001.974,992.724
5610,999.543,1003.223,994.971
5620,1000.467,1001.058,994.026
5630,999.018,1001.787,994.592
5640,999.481,1002.834,994.675
5650,1000.298,1001.164,993.963
5660,1000.740,1002.263,994.508
5670,999.418,1003.126,994.298
5680,1000.215,1000.793,994.951
5690,1000.592,1002.255,994.362
5700,999.236,1002.281,994.238
5710,1000.444,1001.507,993.882
5720,1000.109,1001.932,994.758
5730,1003.760,1002.785,995.073
5740,1000.151,1001.304,993.940
5750,999.900,1001.547,994.548
5760,1000.634,1003.160,993.312
5770,999.689,1001.393,993.817
5780,1000.760,1001.232,994.592
5790,1000.865,1003.206,994.717
5800,1000.570,1001.533,995.137
5810,1001.116,1002.226,993.374
5820,1000.193,1002.520,994.802
5830,999.291,1002.317,994.424
5840,1000.508,1002.436,994.153
5850,1001.262,1002.303,994.509
5860,999.249,1002.975,995.558
5870,1000.487,1003.707,994.508
5880,1000.632,1001.661,994.970
5890,1005.145,1003.292,995.034
5900,1000.005,1003.315,995.494
5910,1001.033,1001.924,994.572
5920,1002.206,1002.692,995.054
5930,1000.865,1004.086,994.571
5940,1000.760,1001.971,994.529
5950,1001.808,1002.348,995.180
5960,1000.655,1003.609,995.347
5970,1000.193,1002.987,997.486
5980,1001.347,1001.744,995.620
5990,999.501,1001.662,994.655
6000,1006.341,1001.250,994.884
6010,1003.572,1001.776,994.300
6020,1005.165,1000.637,995.620
6030,1002.685,1002.535,994.404
6040,1004.196,1001.242,994.488
6050,1008.124,1000.621,995.978
6060,1002.545,1002.329,993.693
6070,1008.250,1000.674,995.117
6080,1000.026,1000.823,1000.671
6090,1007.049,1001.997,996.072
6100,1006.779,1001.536,994.885
6110,1000.508,1001.608,998.646
6120,1006.781,1001.482,998.767
6130,1008.543,1003.093,995.809
6140,999.878,1001.185,997.027
6150,1000.194,1001.519,998.215
6160,1002.040,1003.212,1002.290
6170,1008.838,1002.337,1000.442
6180,1000.905,1001.808,1000.013
6190,1006.107,1002.534,996.208
6200,1008.354,1001.005,1002.353
6210,1004.553,1001.325,1001.426
6220,1000.697,1001.934,998.215
6230,1008.250,1002.573,997.297
6240,1005.664,1002.037,996.478
6250,1001.263,1002.204,1002.162
6260,1003.109,1002.680,997.463
6270,1008.711,1001.353,994.719
6280,1000.758,1001.125,1002.667
6290,1005.942,1002.207,1002.624
6300,1000.341,1003.545,998.448
6310,1000.257,1003.003,994.488
6320,1008.503,1001.449,1001.656
6330,1008.288,1002.530,1002.219
6340,1003.361,1003.012,994.907
6350,1001.389,1002.786,1001.053
6360,1008.984,1002.523,998.700
6370,1003.757,1003.555,999.628
6380,1000.465,1003.196,994.591
6390,1001.011,1001.492,994.908
6400,1003.086,1002.952,1002.917
6410,1006.297,1004.218,998.528
6420,1001.282,1003.036,1002.438
6430,1001.430,1002.196,996.794
6440,1001.955,1003.630,1003.045
6450,1008.770,1005.919,1003.401
6460,1001.262,1003.798,996.038
6470,1001.788,1002.803,999.688
6480,1009.025,1003.495,1003.576
6490,1007.490,1003.079,1003.547
6500,1001.745,1002.295,995.432
6510,1007.012,1002.973,1001.177
6520,1009.341,1003.820,996.504
6530,1009.656,1001.530,1003.842
6540,1000.928,1001.750,999.825
6550,1001.326,1003.653,997.570
6560,1008.917,1004.637,1000.629
6570,1001.452,1003.644,1002.578
6580,1006.903,1002.165,998.157
6590,1007.719,1002.034,1001.724
6600,1008.751,1002.773,1003.148
6610,1009.907,1001.802,1002.060
6620,1009.110,1001.670,998.572
6630,1007.952,1000.845,995.873
6640,1008.538,1009.126,998.638
6650,1008.204,1001.789,1001.134
6660,1008.901,1002.813,1002.328
6670,1008.581,1006.026,1002.960
6680,1009.173,1002.855,1000.926
6690,1008.580,1002.179,1002.641
6700,1007.783,1007.898,1000.630
6710,1008.077,1005.947,1001.951
6720,1008.434,1001.876,1001.533
6730,1008.664,1001.997,1002.099
6740,1008.330,1009.042,1002.664
6750,1008.476,1007.705,1000.926
6760,1009.169,1002.070,1002.894
6770,1008.099,1003.353,1003.062
6780,1008.858,1001.326,1001.259
6790,1009.003,1004.685,1001.868
6800,1009.085,1002.745,1001.323
6810,1008.560,1002.191,1002.118
6820,1009.341,1001.292,1002.225
6830,1007.826,1003.107,1002.245
6840,1007.428,1001.746,1003.294
6850,1008.412,1009.158,1001.030
6860,1008.287,1006.116,1001.764
6870,1009.191,1002.431,1002.874
6880,1008.140,1002.218,1003.609
6890,1009.611,1002.910,1003.459
6900,1001.180,1001.606,999.079
6910,1009.277,1002.445,1002.431
6920,1008.726,1004.493,1002.058
6930,1009.168,1009.775,1001.679
6940,1008.666,1005.251,1002.477
6950,1009.380,1002.533,1003.084
6960,1009.356,1003.669,1002.436
6970,1009.336,1009.999,1001.343
6980,1008.852,1001.442,1003.484
6990,1007.554,1001.915,1001.994
7000,1009.525,1003.433,1004.279
7010,1009.439,1008.299,1001.721
7020,1008.603,1001.786,1003.400
7030,1007.825,1005.495,1001.847
7040,1009.946,1003.659,1002.077
7050,1009.587,1009.997,1002.015
7060,1008.603,1004.911,1003.569
7070,1009.590,1003.140,1002.097
7080,1009.653,1003.377,1003.126
7090,1010.155,1003.558,1002.413
7100,1002.832,1002.374,1003.609
7110,1009.357,1003.191,1004.004
7120,1010.031,1004.732,1002.874
7130,1010.135,1006.252,1002.813
7140,1009.444,1004.940,1003.651
7150,1003.862,1003.792,1003.499
7160,1008.558,1006.088,1005.285
7170,1009.881,1008.713,1002.873
7180,1001.996,1003.291,1003.146
7190,1002.248,1003.735,1004.275
7200,1007.322,1004.970,1001.067
7210,1009.776,1007.414,1003.310
7220,1008.960,1002.304,999.347
7230,1008.406,1003.623,1002.307
7240,1009.521,1004.839,1003.313
7250,1009.651,1008.150,1002.369
7260,1008.794,1002.536,1003.166
7270,1010.599,1003.301,1004.253
7280,1007.934,1004.741,1003.693
7290,1009.503,1006.312,1003.062
7300,1007.616,1008.312,1003.041
7310,1008.958,1007.367,1004.197
7320,1008.455,1010.481,1002.330
7330,1008.665,1005.454,1004.722
7340,1007.973,1007.348,1002.768
7350,1009.230,1006.341,1004.068
7360,1008.350,1010.792,1001.049
7370,1008.727,1007.495,1001.994
7380,1008.013,1008.491,1001.804
7390,1006.988,1009.645,1002.390
7400,1007.197,1009.077,1002.182
7410,1007.155,1009.678,1002.077
7420,1008.244,1008.763,1000.881
7430,1006.485,1009.856,999.140
7440,1006.672,1009.205,1002.163
7450,1007.238,1010.379,1001.888
7460,1008.014,1008.689,1002.517
7470,1009.734,1007.637,1001.511
7480,1008.517,1009.157,1002.181
7490,1008.392,1006.232,1002.600
7500,1008.706,1009.912,1002.231
7510,1009.838,1008.576,1001.437
7520,1008.581,1008.134,1001.847
7530,1007.931,1010.434,1003.337
7540,1008.705,1006.980,1000.611
7550,1009.523,1010.374,1001.489
7560,1008.266,1007.911,1002.056
7570,1008.099,1007.907,1001.594
7580,1008.749,1008.182,1002.917
7590,1009.692,1009.671,1002.141
7600,1007.994,1011.058,1002.957
7610,1007.616,1008.066,1003.713
7620,1008.665,1004.766,1002.309
7630,1009.419,1010.344,1002.371
7640,1007.762,1011.427,1002.097
7650,1010.005,1003.869,1003.584
7660,1008.643,1004.331,1002.075
7670,1009.839,1004.227,1002.705
7680,1007.345,1011.293,1003.732
7690,1007.197,1011.146,1004.217
7700,1008.392,1008.979,1003.357
7710,1007.846,1003.943,1002.436
7720,1009.715,1011.128,1002.831
7730,1009.168,1006.049,1004.172
7740,1008.308,1003.386,1002.645
7750,1009.441,1005.880,1001.741
7760,1009.356,1009.959,1002.769
7770,1008.413,1008.032,1003.650
7780,1007.910,1003.039,985.994
7790,1009.209,1005.289,1002.811
7800,1010.467,1007.396,1003.021
7810,1007.867,1011.810,1003.123
7820,1009.336,1003.656,1001.636
7830,1008.790,1004.608,1002.958
7840,1010.048,1004.890,1002.578
7850,1008.705,1009.881,1003.629
7860,1008.371,1005.110,1004.572
7870,1008.412,1004.133,1003.103
7880,1009.650,1009.144,1002.224
7890,1010.889,1009.318,978.155
7900,1007.931,1003.760,1004.552
7910,1009.273,1004.391,1003.082
7920,1009.231,1004.686,1001.912
7930,1010.445,1005.870,1003.042
7940,1008.706,1004.015,1002.390
7950,1008.644,1003.923,1003.376
7960,1008.686,1003.945,1002.329
7970,1009.965,1005.993,1002.769
7980,1007.720,1011.286,1003.754
7990,1009.754,1003.651,1004.909
8000,1009.125,1004.562,1004.447
8010,1009.336,1005.099,1002.180
8020,1010.195,1010.141,1003.503
8030,1008.434,1007.032,1004.487
8040,1008.665,1004.135,1002.602
8050,1008.707,1005.852,1002.600
8060,1009.964,1004.741,1002.917
8070,1011.014,1007.074,1004.323
8080,1009.209,1008.523,1005.116
8090,1008.308,1008.598,1002.581
8100,1009.692,1005.746,1003.019
8110,1010.425,1005.538,1003.650
8120,1007.554,1011.800,1004.530
8130,1009.712,1004.263,1004.971
8140,1008.475,1007.535,1004.236
8150,1009.669,1005.880,1002.725
8160,1010.447,1011.150,1003.921
8170,1007.972,1012.223,1005.138
8180,1010.990,1004.378,1004.551
8190,1009.188,1005.348,1002.956
8200,1010.068,1005.205,1003.230
8210,1007.909,1011.193,1004.803
8220,1008.539,1010.480,1003.375
8230,1005.750,1010.306,1005.244
8240,1006.484,1010.254,1002.580
8250,1007.637,1012.154,1003.755
8260,1008.708,1003.454,1003.126
8270,1005.981,1010.115,1002.997
8280,1006.212,1009.089,1002.852
8290,1007.449,1012.105,1002.833
8300,1008.456,1011.090,1001.508
8310,1006.148,1009.732,1001.952
8320,1006.484,1010.964,1002.664
8330,1006.986,1010.416,1003.796
8340,1008.119,1009.920,1001.657
8350,1007.825,1010.445,1002.729
8360,1007.888,1010.728,1002.558
8370,1007.742,1011.702,1001.826
8380,1007.826,1009.628,1003.293
8390,1008.895,1010.406,1002.368
8400,1006.295,1010.235,1002.431
8410,1006.945,1011.436,1003.251
8420,1008.036,1006.771,1002.558
8430,1008.601,1006.668,1001.574
8440,1007.952,1011.064,1002.182
8450,1009.398,1011.132,1003.125
8460,1008.560,1012.172,1002.707
8470,1008.138,1010.152,1001.593
8480,1008.999,1010.884,1001.928
8490,1005.875,1010.563,1002.938
8500,1007.700,1011.593,1003.461
8510,1007.658,1011.919,1003.524
8520,1008.329,1010.668,1001.364
8530,1007.889,1011.441,1002.497
8540,1007.344,1011.290,1003.063
8550,1007.073,1010.785,1002.350
8560,1008.266,1011.512,1002.015
8570,1009.085,1009.018,1002.750
8580,1008.497,1010.693,1002.580
8590,1007.218,1011.749,1003.482
8600,1008.707,1010.303,1002.118
8610,1008.770,1012.206,1002.244
8620,1008.769,1010.598,1002.326
8630,1007.008,1011.073,1003.882
8640,1007.826,1011.982,1003.714
8650,1008.098,1010.349,1003.063
8660,1008.391,1009.564,1002.181
8670,1010.362,1005.747,1003.229
8680,1010.509,1008.832,1003.629
8690,1008.603,1012.762,1002.474
8700,1008.601,1002.948,1001.846
8710,1008.981,1001.104,1002.876
8720,1009.131,1001.928,1003.294
8730,1000.760,1002.959,1003.607
8740,999.019,1003.641,1000.590
8750,999.899,1002.069,1002.392
8760,1001.032,1002.967,1003.191
8770,999.691,1002.284,996.583
8780,999.123,1003.226,1001.029
8790,999.060,1000.925,1000.462
8800,1000.173,1000.775,1002.332
8810,1001.346,1002.856,996.250
8820,997.992,993.504,995.408
8830,991.303,992.138,994.966
8840,990.464,991.370,996.536
8850,991.450,993.049,993.670
8860,990.359,992.691,986.119
8870,989.309,984.707,985.867
8880,990.065,986.500,985.994
8890,984.340,984.573,984.675
8900,982.559,986.861,984.884
8910,983.607,984.954,985.996
8920,981.761,984.832,985.385
8930,980.818,984.393,985.344
8940,981.511,972.887,984.466
8950,982.432,974.181,985.050
8960,983.712,975.533,984.966
8970,980.231,975.916,982.466
8980,972.847,976.201,974.860
8990,972.744,975.381,975.176
9000,972.892,973.909,967.898